region_code,demand_scenario,forecast_quantile,annual_max_peak_spaces_required,annual_max_shuttle_vehicles,annual_max_staff_shifts,annual_parking_overflow_days,interpretation
BDH,central,visitor_estimate_q50,9368,34,291,0,low_central_stress_parameter_and_forecast_sensitivity
BDH,conservative,visitor_estimate_q10,2057,9,96,0,low_central_stress_parameter_and_forecast_sensitivity
BDH,stress,visitor_estimate_q90,27623,99,581,55,low_central_stress_parameter_and_forecast_sensitivity
HGA,central,visitor_estimate_q50,3891,10,125,229,low_central_stress_parameter_and_forecast_sensitivity
HGA,conservative,visitor_estimate_q10,675,2,34,0,low_central_stress_parameter_and_forecast_sensitivity
HGA,stress,visitor_estimate_q90,12224,38,263,365,low_central_stress_parameter_and_forecast_sensitivity
SHG,central,visitor_estimate_q50,9950,22,294,92,low_central_stress_parameter_and_forecast_sensitivity
SHG,conservative,visitor_estimate_q10,0,2,4,0,low_central_stress_parameter_and_forecast_sensitivity
SHG,stress,visitor_estimate_q90,64069,184,1300,365,low_central_stress_parameter_and_forecast_sensitivity
