date,region_code,pressure_index,estimate_label
2021-12-22,SHG,0.0,censored_likelihood_pressure_index
2021-12-26,SHG,0.0,censored_likelihood_pressure_index
2021-12-29,SHG,0.0,censored_likelihood_pressure_index
2021-12-30,SHG,0.0,censored_likelihood_pressure_index
2022-01-09,BDH,0.0,censored_likelihood_pressure_index
2022-01-14,SHG,0.0,censored_likelihood_pressure_index
2022-01-15,HGA,6.3970731078119725,censored_likelihood_pressure_index
2022-01-15,SHG,0.0,censored_likelihood_pressure_index
2022-01-22,SHG,0.0,censored_likelihood_pressure_index
2022-01-31,BDH,0.0,censored_likelihood_pressure_index
2022-02-10,SHG,0.0,censored_likelihood_pressure_index
2022-02-11,HGA,6.174347689983901,censored_likelihood_pressure_index
2022-02-11,SHG,0.0,censored_likelihood_pressure_index
2022-02-13,SHG,0.0,censored_likelihood_pressure_index
2022-02-14,SHG,0.0,censored_likelihood_pressure_index
2022-02-22,SHG,0.0,censored_likelihood_pressure_index
2022-03-01,SHG,0.0,censored_likelihood_pressure_index
2022-03-13,SHG,0.0,censored_likelihood_pressure_index
2022-03-19,SHG,0.0,censored_likelihood_pressure_index
2022-04-07,HGA,7.9573558263244095,censored_likelihood_pressure_index
2022-04-23,SHG,0.0,censored_likelihood_pressure_index
2022-05-09,SHG,0.0,censored_likelihood_pressure_index
2022-05-11,SHG,0.004443449137491995,censored_likelihood_pressure_index
2022-05-12,SHG,0.0,censored_likelihood_pressure_index
2022-05-23,SHG,0.0,censored_likelihood_pressure_index
2022-05-30,SHG,0.0,censored_likelihood_pressure_index
2022-06-14,SHG,0.0,censored_likelihood_pressure_index
2022-06-15,SHG,0.0,censored_likelihood_pressure_index
2022-06-17,SHG,0.014374687215258435,censored_likelihood_pressure_index
2022-06-19,HGA,0.9403346010548683,censored_likelihood_pressure_index
2022-06-19,SHG,0.0,censored_likelihood_pressure_index
2022-07-02,HGA,1.1494357246208864,censored_likelihood_pressure_index
2022-07-03,BDH,0.07309077375358093,censored_likelihood_pressure_index
2022-07-07,BDH,0.22137896987680364,censored_likelihood_pressure_index
2022-07-08,BDH,0.20641083550252828,censored_likelihood_pressure_index
2022-07-08,SHG,0.0,censored_likelihood_pressure_index
2022-07-09,BDH,0.1928397026189526,censored_likelihood_pressure_index
2022-07-09,HGA,1.5763375908665442,censored_likelihood_pressure_index
2022-07-10,BDH,0.122556269902401,censored_likelihood_pressure_index
2022-07-10,HGA,1.7081712189655605,censored_likelihood_pressure_index
2022-07-11,BDH,0.11871082965299921,censored_likelihood_pressure_index
2022-07-12,BDH,0.11898836500547229,censored_likelihood_pressure_index
2022-07-13,BDH,0.48473637419021687,censored_likelihood_pressure_index
2022-07-14,BDH,0.4784160570354636,censored_likelihood_pressure_index
2022-07-15,BDH,0.4911238110615291,censored_likelihood_pressure_index
2022-07-16,BDH,1.0168863869291465,censored_likelihood_pressure_index
2022-07-16,HGA,1.8091538952813133,censored_likelihood_pressure_index
2022-07-17,BDH,0.9571807679561193,censored_likelihood_pressure_index
2022-07-18,BDH,0.6071835102810594,censored_likelihood_pressure_index
2022-07-18,SHG,0.0,censored_likelihood_pressure_index
2022-07-19,BDH,0.5817183713955729,censored_likelihood_pressure_index
2022-07-20,BDH,0.31454958703352465,censored_likelihood_pressure_index
2022-07-21,BDH,0.20552346377678127,censored_likelihood_pressure_index
2022-07-22,BDH,0.02059034056257707,censored_likelihood_pressure_index
2022-07-22,SHG,0.0,censored_likelihood_pressure_index
2022-07-23,BDH,0.31713885941796666,censored_likelihood_pressure_index
2022-07-24,BDH,0.32812881319110465,censored_likelihood_pressure_index
2022-07-24,SHG,0.0,censored_likelihood_pressure_index
2022-07-25,BDH,0.23656864070450032,censored_likelihood_pressure_index
2022-07-26,BDH,0.6664666633225711,censored_likelihood_pressure_index
2022-07-27,BDH,0.6746257647522924,censored_likelihood_pressure_index
2022-07-28,BDH,0.029363311369386417,censored_likelihood_pressure_index
2022-07-29,BDH,1.1705821129512608,censored_likelihood_pressure_index
2022-07-29,SHG,0.0,censored_likelihood_pressure_index
2022-07-30,BDH,0.8829657550659185,censored_likelihood_pressure_index
2022-07-30,SHG,0.0,censored_likelihood_pressure_index
2022-07-31,BDH,0.9347288768537831,censored_likelihood_pressure_index
2022-08-01,BDH,0.4750587922945919,censored_likelihood_pressure_index
2022-08-01,SHG,0.0,censored_likelihood_pressure_index
2022-08-02,BDH,0.8950024790078213,censored_likelihood_pressure_index
2022-08-02,SHG,0.0,censored_likelihood_pressure_index
2022-08-03,BDH,0.4977205432167327,censored_likelihood_pressure_index
2022-08-03,SHG,0.0,censored_likelihood_pressure_index
2022-08-09,BDH,0.0,censored_likelihood_pressure_index
2022-08-15,SHG,0.13610879659792674,censored_likelihood_pressure_index
2022-08-16,BDH,0.0,censored_likelihood_pressure_index
2022-08-16,SHG,0.0,censored_likelihood_pressure_index
2022-08-19,HGA,0.26708435947713016,censored_likelihood_pressure_index
2022-08-22,SHG,0.0,censored_likelihood_pressure_index
2022-08-23,SHG,0.0,censored_likelihood_pressure_index
2022-08-24,SHG,0.0,censored_likelihood_pressure_index
2022-08-25,SHG,0.0,censored_likelihood_pressure_index
2022-09-07,SHG,0.0,censored_likelihood_pressure_index
2022-09-10,SHG,0.04660632498564662,censored_likelihood_pressure_index
2022-09-13,SHG,0.0,censored_likelihood_pressure_index
2022-09-14,SHG,0.0,censored_likelihood_pressure_index
2022-09-17,SHG,0.0,censored_likelihood_pressure_index
2022-09-25,SHG,0.0,censored_likelihood_pressure_index
2022-10-02,SHG,0.0,censored_likelihood_pressure_index
2022-10-07,SHG,0.0,censored_likelihood_pressure_index
2022-10-10,SHG,0.0,censored_likelihood_pressure_index
2022-10-11,SHG,0.0,censored_likelihood_pressure_index
2022-10-12,SHG,0.0,censored_likelihood_pressure_index
2022-10-13,SHG,0.0,censored_likelihood_pressure_index
2022-10-14,SHG,0.0,censored_likelihood_pressure_index
2022-10-23,HGA,8.03832611937651,censored_likelihood_pressure_index
2022-10-23,SHG,0.0,censored_likelihood_pressure_index
2022-10-24,SHG,0.0,censored_likelihood_pressure_index
2022-10-27,BDH,0.0,censored_likelihood_pressure_index
2022-10-27,HGA,9.146517479086475,censored_likelihood_pressure_index
2022-10-27,SHG,0.0,censored_likelihood_pressure_index
2022-11-01,SHG,0.0,censored_likelihood_pressure_index
2022-11-02,SHG,0.0,censored_likelihood_pressure_index
2022-11-03,SHG,0.0,censored_likelihood_pressure_index
2022-11-04,SHG,0.0,censored_likelihood_pressure_index
2022-11-05,SHG,0.0,censored_likelihood_pressure_index
2022-11-06,SHG,0.0,censored_likelihood_pressure_index
2022-11-07,SHG,0.0,censored_likelihood_pressure_index
2022-11-08,SHG,0.0,censored_likelihood_pressure_index
2022-11-09,SHG,0.0,censored_likelihood_pressure_index
2022-11-10,BDH,0.0,censored_likelihood_pressure_index
2022-11-10,HGA,8.065241695555063,censored_likelihood_pressure_index
2022-11-10,SHG,0.0,censored_likelihood_pressure_index
2022-11-14,SHG,0.0,censored_likelihood_pressure_index
2022-11-15,SHG,0.0,censored_likelihood_pressure_index
2022-11-16,HGA,7.4933521877378695,censored_likelihood_pressure_index
2022-11-16,SHG,0.0,censored_likelihood_pressure_index
2022-11-18,SHG,0.0,censored_likelihood_pressure_index
2022-11-20,SHG,0.0,censored_likelihood_pressure_index
2022-11-21,SHG,0.0,censored_likelihood_pressure_index
2022-11-22,SHG,0.0,censored_likelihood_pressure_index
2022-11-24,SHG,0.0,censored_likelihood_pressure_index
2022-11-25,HGA,7.575381894790214,censored_likelihood_pressure_index
2022-11-25,SHG,0.0,censored_likelihood_pressure_index
2022-11-27,SHG,0.0,censored_likelihood_pressure_index
2022-11-29,SHG,0.0,censored_likelihood_pressure_index
2022-11-30,SHG,0.0,censored_likelihood_pressure_index
2022-12-01,SHG,0.0,censored_likelihood_pressure_index
2022-12-03,SHG,0.0,censored_likelihood_pressure_index
2022-12-04,SHG,0.0,censored_likelihood_pressure_index
2022-12-14,BDH,0.0,censored_likelihood_pressure_index
2023-01-05,BDH,0.0,censored_likelihood_pressure_index
2023-01-07,HGA,6.7770513508475965,censored_likelihood_pressure_index
2023-01-07,SHG,0.0,censored_likelihood_pressure_index
2023-01-08,SHG,0.0,censored_likelihood_pressure_index
2023-01-12,SHG,0.0,censored_likelihood_pressure_index
2023-02-10,SHG,0.0,censored_likelihood_pressure_index
2023-02-20,HGA,0.25988957278546715,censored_likelihood_pressure_index
2023-02-23,SHG,0.0,censored_likelihood_pressure_index
2023-02-26,HGA,7.05564472090933,censored_likelihood_pressure_index
2023-02-28,SHG,0.0,censored_likelihood_pressure_index
2023-03-01,SHG,0.0,censored_likelihood_pressure_index
2023-03-03,SHG,0.0,censored_likelihood_pressure_index
2023-03-04,SHG,0.0,censored_likelihood_pressure_index
2023-03-05,BDH,0.0,censored_likelihood_pressure_index
2023-03-05,SHG,0.0,censored_likelihood_pressure_index
2023-03-06,SHG,0.0,censored_likelihood_pressure_index
2023-03-07,SHG,0.0,censored_likelihood_pressure_index
2023-03-08,SHG,0.0,censored_likelihood_pressure_index
2023-03-10,SHG,0.0,censored_likelihood_pressure_index
2023-03-11,SHG,0.0,censored_likelihood_pressure_index
2023-03-12,SHG,0.0,censored_likelihood_pressure_index
2023-04-01,BDH,0.0,censored_likelihood_pressure_index
2023-04-08,HGA,1.5543951795883268,censored_likelihood_pressure_index
2023-04-29,BDH,1.0885715908911684,censored_likelihood_pressure_index
2023-04-30,BDH,2.8581657032747203,censored_likelihood_pressure_index
2023-05-01,BDH,2.719227624729182,censored_likelihood_pressure_index
2023-05-02,BDH,1.5361406824378045,censored_likelihood_pressure_index
2023-05-02,HGA,3.4137670595344156,censored_likelihood_pressure_index
2023-05-03,BDH,0.12794245674509067,censored_likelihood_pressure_index
2023-05-03,HGA,1.2137841800104856,censored_likelihood_pressure_index
2023-05-03,SHG,0.0,censored_likelihood_pressure_index
2023-05-04,HGA,0.3020954427793301,censored_likelihood_pressure_index
2023-05-07,BDH,0.0,censored_likelihood_pressure_index
2023-05-13,BDH,0.12286429269010457,censored_likelihood_pressure_index
2023-05-13,HGA,1.456821454865917,censored_likelihood_pressure_index
2023-05-14,HGA,0.905453177417326,censored_likelihood_pressure_index
2023-05-17,HGA,0.36735543523534586,censored_likelihood_pressure_index
2023-05-18,SHG,0.0,censored_likelihood_pressure_index
2023-05-19,SHG,0.0,censored_likelihood_pressure_index
2023-05-20,BDH,0.10860253823670536,censored_likelihood_pressure_index
2023-05-20,HGA,1.4848670385910334,censored_likelihood_pressure_index
2023-05-20,SHG,0.0,censored_likelihood_pressure_index
2023-05-21,BDH,0.0,censored_likelihood_pressure_index
2023-05-21,HGA,1.54776717842488,censored_likelihood_pressure_index
2023-05-21,SHG,0.0,censored_likelihood_pressure_index
2023-05-23,SHG,0.0,censored_likelihood_pressure_index
2023-05-24,SHG,0.0,censored_likelihood_pressure_index
2023-05-25,SHG,0.0,censored_likelihood_pressure_index
2023-05-27,BDH,0.0,censored_likelihood_pressure_index
2023-05-28,BDH,0.0,censored_likelihood_pressure_index
2023-05-28,HGA,1.0782531704586469,censored_likelihood_pressure_index
2023-05-29,SHG,0.0,censored_likelihood_pressure_index
2023-05-31,SHG,0.0,censored_likelihood_pressure_index
2023-06-02,BDH,0.0,censored_likelihood_pressure_index
2023-06-03,BDH,1.007705033404397,censored_likelihood_pressure_index
2023-06-03,HGA,1.6969170847651425,censored_likelihood_pressure_index
2023-06-03,SHG,0.006762089402768119,censored_likelihood_pressure_index
2023-06-04,BDH,0.805779590758152,censored_likelihood_pressure_index
2023-06-05,HGA,0.4606505885093726,censored_likelihood_pressure_index
2023-06-06,BDH,0.006078367601801443,censored_likelihood_pressure_index
2023-06-06,SHG,0.0,censored_likelihood_pressure_index
2023-06-07,BDH,0.019377490267604634,censored_likelihood_pressure_index
2023-06-08,BDH,0.03457385527924376,censored_likelihood_pressure_index
2023-06-08,SHG,0.0,censored_likelihood_pressure_index
2023-06-09,BDH,0.049086197680358164,censored_likelihood_pressure_index
2023-06-10,BDH,1.0083175319878555,censored_likelihood_pressure_index
2023-06-10,HGA,1.5299709345541883,censored_likelihood_pressure_index
2023-06-10,SHG,0.0,censored_likelihood_pressure_index
2023-06-11,BDH,0.8585679996352116,censored_likelihood_pressure_index
2023-06-11,HGA,1.564852586939312,censored_likelihood_pressure_index
2023-06-11,SHG,0.0,censored_likelihood_pressure_index
2023-06-12,BDH,0.0,censored_likelihood_pressure_index
2023-06-12,HGA,0.4516003235367163,censored_likelihood_pressure_index
2023-06-13,BDH,0.07163419595918419,censored_likelihood_pressure_index
2023-06-14,BDH,0.0749716344526479,censored_likelihood_pressure_index
2023-06-15,BDH,0.04791318834864618,censored_likelihood_pressure_index
2023-06-15,SHG,0.0,censored_likelihood_pressure_index
2023-06-16,BDH,0.11982366019939697,censored_likelihood_pressure_index
2023-06-17,BDH,1.288768705203713,censored_likelihood_pressure_index
2023-06-17,HGA,2.009212287860696,censored_likelihood_pressure_index
2023-06-17,SHG,0.0,censored_likelihood_pressure_index
2023-06-18,BDH,1.1373780309412687,censored_likelihood_pressure_index
2023-06-18,HGA,1.9031267202835402,censored_likelihood_pressure_index
2023-06-18,SHG,0.0,censored_likelihood_pressure_index
2023-06-19,BDH,0.0317961595085756,censored_likelihood_pressure_index
2023-06-19,SHG,0.0,censored_likelihood_pressure_index
2023-06-20,HGA,0.43247056262782113,censored_likelihood_pressure_index
2023-06-21,HGA,0.5713860515443137,censored_likelihood_pressure_index
2023-06-22,BDH,1.2503358257003967,censored_likelihood_pressure_index
2023-06-22,HGA,2.2787593620687288,censored_likelihood_pressure_index
2023-06-23,BDH,3.119458089801607,censored_likelihood_pressure_index
2023-06-23,HGA,2.8611353443026672,censored_likelihood_pressure_index
2023-06-23,SHG,7.3792822302184895,censored_likelihood_pressure_index
2023-06-24,BDH,1.5261698885413066,censored_likelihood_pressure_index
2023-06-24,HGA,1.0696213239970769,censored_likelihood_pressure_index
2023-06-24,SHG,0.0,censored_likelihood_pressure_index
2023-06-25,BDH,0.5624158642245709,censored_likelihood_pressure_index
2023-06-25,HGA,0.552842681991002,censored_likelihood_pressure_index
2023-06-26,BDH,0.23119326767745765,censored_likelihood_pressure_index
2023-06-26,HGA,0.8588131224648483,censored_likelihood_pressure_index
2023-06-26,SHG,0.0,censored_likelihood_pressure_index
2023-06-27,BDH,0.2300882829074081,censored_likelihood_pressure_index
2023-06-28,BDH,0.5942374210155472,censored_likelihood_pressure_index
2023-06-28,SHG,0.0,censored_likelihood_pressure_index
2023-06-29,BDH,1.2248961281794308,censored_likelihood_pressure_index
2023-06-29,SHG,0.0,censored_likelihood_pressure_index
2023-06-30,BDH,0.41074495170922054,censored_likelihood_pressure_index
2023-06-30,SHG,0.0,censored_likelihood_pressure_index
2023-07-01,BDH,1.4712346663000755,censored_likelihood_pressure_index
2023-07-01,HGA,2.150861957213349,censored_likelihood_pressure_index
2023-07-01,SHG,0.0,censored_likelihood_pressure_index
2023-07-02,BDH,2.0167716054109035,censored_likelihood_pressure_index
2023-07-02,SHG,0.0,censored_likelihood_pressure_index
2023-07-03,BDH,0.5025534292776914,censored_likelihood_pressure_index
2023-07-04,BDH,1.33117429234985,censored_likelihood_pressure_index
2023-07-04,HGA,0.526241843410659,censored_likelihood_pressure_index
2023-07-04,SHG,0.0,censored_likelihood_pressure_index
2023-07-05,BDH,1.6855345830090993,censored_likelihood_pressure_index
2023-07-06,BDH,1.0567679054035835,censored_likelihood_pressure_index
2023-07-08,BDH,1.628834967176756,censored_likelihood_pressure_index
2023-07-08,HGA,2.064811570045013,censored_likelihood_pressure_index
2023-07-09,BDH,1.6420727090588203,censored_likelihood_pressure_index
2023-07-09,HGA,2.153626033506096,censored_likelihood_pressure_index
2023-07-10,BDH,1.2686473919868235,censored_likelihood_pressure_index
2023-07-11,BDH,0.8892704171000392,censored_likelihood_pressure_index
2023-07-11,HGA,1.1130018500050824,censored_likelihood_pressure_index
2023-07-12,HGA,0.9958725033615559,censored_likelihood_pressure_index
2023-07-14,HGA,1.9310242516520897,censored_likelihood_pressure_index
2023-07-15,BDH,1.2192189014757404,censored_likelihood_pressure_index
2023-07-15,HGA,2.813971863739853,censored_likelihood_pressure_index
2023-07-15,SHG,6.805358020979361,censored_likelihood_pressure_index
2023-07-16,BDH,1.8270905262226567,censored_likelihood_pressure_index
2023-07-16,HGA,2.796813443210831,censored_likelihood_pressure_index
2023-07-17,BDH,0.7437601565262038,censored_likelihood_pressure_index
2023-07-18,BDH,1.405243560551312,censored_likelihood_pressure_index
2023-07-18,HGA,2.4516905078261324,censored_likelihood_pressure_index
2023-07-19,BDH,0.7157114875782562,censored_likelihood_pressure_index
2023-07-19,SHG,0.0,censored_likelihood_pressure_index
2023-07-20,BDH,0.6537518280749148,censored_likelihood_pressure_index
2023-07-22,HGA,3.3862157908586044,censored_likelihood_pressure_index
2023-07-23,BDH,0.8154695005883907,censored_likelihood_pressure_index
2023-07-23,SHG,6.823278817959766,censored_likelihood_pressure_index
2023-07-25,BDH,0.7988237962276221,censored_likelihood_pressure_index
2023-07-25,HGA,2.5684400058276253,censored_likelihood_pressure_index
2023-07-26,BDH,2.068603191473499,censored_likelihood_pressure_index
2023-07-27,BDH,0.6854180597210082,censored_likelihood_pressure_index
2023-07-29,BDH,0.33608203161919226,censored_likelihood_pressure_index
2023-07-29,HGA,2.8850233846812463,censored_likelihood_pressure_index
2023-07-30,HGA,3.0141350673841663,censored_likelihood_pressure_index
2023-08-01,HGA,1.9080906115975131,censored_likelihood_pressure_index
2023-08-02,SHG,7.907129340745868,censored_likelihood_pressure_index
2023-08-03,BDH,1.9011494419120236,censored_likelihood_pressure_index
2023-08-03,SHG,7.804606672790408,censored_likelihood_pressure_index
2023-08-05,BDH,1.1197648505991027,censored_likelihood_pressure_index
2023-08-05,HGA,3.0825852687099182,censored_likelihood_pressure_index
2023-08-05,SHG,8.227925883077914,censored_likelihood_pressure_index
2023-08-06,BDH,0.8386961501594716,censored_likelihood_pressure_index
2023-08-06,HGA,3.2772639681407947,censored_likelihood_pressure_index
2023-08-06,SHG,8.137612655383764,censored_likelihood_pressure_index
2023-08-07,BDH,1.541688383841835,censored_likelihood_pressure_index
2023-08-08,BDH,1.1891566610661206,censored_likelihood_pressure_index
2023-08-08,HGA,2.7249232385181203,censored_likelihood_pressure_index
2023-08-09,BDH,1.6211965523259528,censored_likelihood_pressure_index
2023-08-09,HGA,2.927561529445114,censored_likelihood_pressure_index
2023-08-10,BDH,1.6812851157845783,censored_likelihood_pressure_index
2023-08-10,HGA,2.8431087799611996,censored_likelihood_pressure_index
2023-08-11,BDH,0.7466177811791443,censored_likelihood_pressure_index
2023-08-11,HGA,2.7182910691666637,censored_likelihood_pressure_index
2023-08-12,HGA,4.486510464094742,censored_likelihood_pressure_index
2023-08-13,BDH,1.8863098654746642,censored_likelihood_pressure_index
2023-08-13,SHG,8.105784232903115,censored_likelihood_pressure_index
2023-08-14,BDH,0.6957573821032148,censored_likelihood_pressure_index
2023-08-15,BDH,1.8326998588191241,censored_likelihood_pressure_index
2023-08-15,HGA,2.4879686236425926,censored_likelihood_pressure_index
2023-08-16,BDH,1.6841353620942057,censored_likelihood_pressure_index
2023-08-17,BDH,1.4396641883685328,censored_likelihood_pressure_index
2023-08-17,HGA,2.564113286901647,censored_likelihood_pressure_index
2023-08-18,HGA,2.421833080671273,censored_likelihood_pressure_index
2023-08-19,BDH,1.4873049380645198,censored_likelihood_pressure_index
2023-08-19,HGA,2.9747731613399413,censored_likelihood_pressure_index
2023-08-19,SHG,7.317452198799463,censored_likelihood_pressure_index
2023-08-20,BDH,1.143341397434857,censored_likelihood_pressure_index
2023-08-20,HGA,2.6733444001711963,censored_likelihood_pressure_index
2023-08-22,HGA,3.0580244173518443,censored_likelihood_pressure_index
2023-08-26,BDH,0.781764530547576,censored_likelihood_pressure_index
2023-08-27,BDH,0.4635714539546481,censored_likelihood_pressure_index
2023-09-03,BDH,0.5390985503449872,censored_likelihood_pressure_index
2023-09-04,BDH,0.20225777247593538,censored_likelihood_pressure_index
2023-09-05,BDH,0.5003339894921399,censored_likelihood_pressure_index
2023-09-09,BDH,0.28601084630753315,censored_likelihood_pressure_index
2023-09-10,BDH,0.30777258498416715,censored_likelihood_pressure_index
2023-09-10,HGA,1.861356887455671,censored_likelihood_pressure_index
2023-09-16,BDH,0.25453532297635895,censored_likelihood_pressure_index
2023-09-17,BDH,0.18705832080581758,censored_likelihood_pressure_index
2023-09-19,SHG,0.0,censored_likelihood_pressure_index
2023-09-27,SHG,0.0,censored_likelihood_pressure_index
2023-09-29,SHG,0.0,censored_likelihood_pressure_index
2023-09-30,BDH,0.51467184079574,censored_likelihood_pressure_index
2023-10-01,BDH,0.8509615371813717,censored_likelihood_pressure_index
2023-10-02,BDH,1.354506435193902,censored_likelihood_pressure_index
2023-10-03,BDH,1.33492885726652,censored_likelihood_pressure_index
2023-10-04,BDH,0.6148561868993845,censored_likelihood_pressure_index
2023-10-04,HGA,1.7892761422459436,censored_likelihood_pressure_index
2023-10-05,BDH,0.29238533659581967,censored_likelihood_pressure_index
2023-10-08,HGA,0.3332202046310333,censored_likelihood_pressure_index
2023-10-22,SHG,0.014021976715905307,censored_likelihood_pressure_index
2023-10-25,SHG,0.0,censored_likelihood_pressure_index
2023-11-05,HGA,8.31258371692389,censored_likelihood_pressure_index
2023-11-06,HGA,0.37852694354067684,censored_likelihood_pressure_index
2023-11-09,HGA,0.41538867213502306,censored_likelihood_pressure_index
2023-12-03,HGA,7.247641137376014,censored_likelihood_pressure_index
2023-12-03,SHG,0.0,censored_likelihood_pressure_index
2023-12-13,HGA,0.3498911634834227,censored_likelihood_pressure_index
2023-12-17,HGA,0.36696640187742496,censored_likelihood_pressure_index
2023-12-18,HGA,0.3565570730260805,censored_likelihood_pressure_index
2023-12-19,HGA,0.3291297868416353,censored_likelihood_pressure_index
2023-12-25,HGA,0.3661222194204388,censored_likelihood_pressure_index
2024-01-02,HGA,0.2921197860512252,censored_likelihood_pressure_index
2024-02-21,SHG,0.0,censored_likelihood_pressure_index
2024-03-26,SHG,0.0,censored_likelihood_pressure_index
2024-03-28,SHG,0.0,censored_likelihood_pressure_index
2024-04-04,BDH,0.03460376787397351,censored_likelihood_pressure_index
2024-04-05,BDH,0.09169208220181112,censored_likelihood_pressure_index
2024-04-05,HGA,1.7437145072276228,censored_likelihood_pressure_index
2024-04-21,HGA,1.140553780840416,censored_likelihood_pressure_index
2024-05-01,BDH,1.1795167954837043,censored_likelihood_pressure_index
2024-05-02,BDH,2.514840618515405,censored_likelihood_pressure_index
2024-05-02,HGA,3.3117584245875706,censored_likelihood_pressure_index
2024-05-03,BDH,2.2126043948850413,censored_likelihood_pressure_index
2024-05-03,HGA,3.308927866962045,censored_likelihood_pressure_index
2024-05-04,BDH,0.3784618121352818,censored_likelihood_pressure_index
2024-05-11,HGA,0.8030608041716907,censored_likelihood_pressure_index
2024-05-18,BDH,0.12582604639740086,censored_likelihood_pressure_index
2024-05-18,HGA,1.2897757635852107,censored_likelihood_pressure_index
2024-05-26,SHG,0.40763991259989407,censored_likelihood_pressure_index
2024-06-01,HGA,1.3242779278939212,censored_likelihood_pressure_index
2024-06-08,BDH,0.4615072534487492,censored_likelihood_pressure_index
2024-06-08,HGA,1.6206700387520043,censored_likelihood_pressure_index
2024-06-09,BDH,1.7519341860040734,censored_likelihood_pressure_index
2024-06-09,HGA,2.081986046371655,censored_likelihood_pressure_index
2024-06-15,BDH,0.26632265033848196,censored_likelihood_pressure_index
2024-06-16,BDH,0.3370048832159656,censored_likelihood_pressure_index
2024-06-22,BDH,0.33598798898988863,censored_likelihood_pressure_index
2024-06-22,HGA,1.798600377060605,censored_likelihood_pressure_index
2024-06-23,BDH,0.0,censored_likelihood_pressure_index
2024-06-23,HGA,1.4433572182457812,censored_likelihood_pressure_index
2024-06-24,BDH,0.0,censored_likelihood_pressure_index
2024-06-25,BDH,0.0,censored_likelihood_pressure_index
2024-06-26,BDH,0.0,censored_likelihood_pressure_index
2024-06-26,SHG,0.0,censored_likelihood_pressure_index
2024-06-27,BDH,0.0,censored_likelihood_pressure_index
2024-06-27,SHG,0.0,censored_likelihood_pressure_index
2024-06-28,BDH,0.223796942138379,censored_likelihood_pressure_index
2024-06-28,SHG,0.0,censored_likelihood_pressure_index
2024-06-29,BDH,0.9424155149635276,censored_likelihood_pressure_index
2024-06-29,HGA,1.9922243882904085,censored_likelihood_pressure_index
2024-06-30,BDH,0.5580495947341606,censored_likelihood_pressure_index
2024-07-02,SHG,0.17670026614496293,censored_likelihood_pressure_index
2024-07-03,HGA,9.863350956792074,censored_likelihood_pressure_index
2024-07-03,SHG,0.0,censored_likelihood_pressure_index
2024-07-04,BDH,0.0,censored_likelihood_pressure_index
2024-07-04,SHG,0.0,censored_likelihood_pressure_index
2024-07-05,SHG,0.0,censored_likelihood_pressure_index
2024-07-06,BDH,0.10438726304723303,censored_likelihood_pressure_index
2024-07-06,HGA,1.709503681861015,censored_likelihood_pressure_index
2024-07-09,HGA,1.7882000019803588,censored_likelihood_pressure_index
2024-07-13,HGA,2.0408102097461494,censored_likelihood_pressure_index
2024-07-15,SHG,0.0,censored_likelihood_pressure_index
2024-07-17,SHG,0.028060922817327198,censored_likelihood_pressure_index
2024-07-18,HGA,2.1623638257624096,censored_likelihood_pressure_index
2024-07-18,SHG,0.0,censored_likelihood_pressure_index
2024-07-19,HGA,2.0216980370903825,censored_likelihood_pressure_index
2024-07-19,SHG,0.0,censored_likelihood_pressure_index
2024-07-20,BDH,1.4431110953042636,censored_likelihood_pressure_index
2024-07-20,HGA,2.4946363779027916,censored_likelihood_pressure_index
2024-07-21,BDH,1.2972196532381761,censored_likelihood_pressure_index
2024-07-21,HGA,2.511517855391461,censored_likelihood_pressure_index
2024-07-21,SHG,0.0,censored_likelihood_pressure_index
2024-07-23,BDH,1.4000823121701496,censored_likelihood_pressure_index
2024-07-23,HGA,2.0309832275922703,censored_likelihood_pressure_index
2024-07-25,SHG,0.0,censored_likelihood_pressure_index
2024-07-26,SHG,0.0,censored_likelihood_pressure_index
2024-07-28,SHG,0.0,censored_likelihood_pressure_index
2024-08-01,BDH,0.38744133894522853,censored_likelihood_pressure_index
2024-08-02,BDH,0.5016741665137248,censored_likelihood_pressure_index
2024-08-02,HGA,2.2349385333213956,censored_likelihood_pressure_index
2024-08-02,SHG,0.0,censored_likelihood_pressure_index
2024-08-03,BDH,1.9716816140925113,censored_likelihood_pressure_index
2024-08-03,HGA,2.6919641578498834,censored_likelihood_pressure_index
2024-08-04,BDH,0.9158588483448395,censored_likelihood_pressure_index
2024-08-04,HGA,2.9448767752678378,censored_likelihood_pressure_index
2024-08-05,BDH,1.883606523746458,censored_likelihood_pressure_index
2024-08-05,HGA,2.423500183991795,censored_likelihood_pressure_index
2024-08-05,SHG,4.791395317593423,censored_likelihood_pressure_index
2024-08-06,BDH,2.468932274081507,censored_likelihood_pressure_index
2024-08-06,HGA,2.815073591097447,censored_likelihood_pressure_index
2024-08-06,SHG,5.338809480177991,censored_likelihood_pressure_index
2024-08-07,BDH,1.7825745906222985,censored_likelihood_pressure_index
2024-08-07,HGA,2.7611210878131396,censored_likelihood_pressure_index
2024-08-07,SHG,5.437473746713493,censored_likelihood_pressure_index
2024-08-08,BDH,0.7554212971761218,censored_likelihood_pressure_index
2024-08-08,HGA,2.9463737192938417,censored_likelihood_pressure_index
2024-08-08,SHG,5.068718406422714,censored_likelihood_pressure_index
2024-08-09,HGA,2.3974033344646917,censored_likelihood_pressure_index
2024-08-09,SHG,4.907515659706522,censored_likelihood_pressure_index
2024-08-10,BDH,0.6726187359429328,censored_likelihood_pressure_index
2024-08-10,HGA,3.391553696734168,censored_likelihood_pressure_index
2024-08-11,BDH,1.0281391279218268,censored_likelihood_pressure_index
2024-08-11,HGA,2.7000544544236553,censored_likelihood_pressure_index
2024-08-11,SHG,1.5233094018429854,censored_likelihood_pressure_index
2024-08-12,BDH,1.0555042804671202,censored_likelihood_pressure_index
2024-08-13,BDH,0.7040014533945786,censored_likelihood_pressure_index
2024-08-13,SHG,4.87932427428003,censored_likelihood_pressure_index
2024-08-14,BDH,1.2103700904921824,censored_likelihood_pressure_index
2024-08-14,HGA,2.476536953466822,censored_likelihood_pressure_index
2024-08-14,SHG,0.0,censored_likelihood_pressure_index
2024-08-17,BDH,0.5318862165385443,censored_likelihood_pressure_index
2024-08-20,SHG,0.0,censored_likelihood_pressure_index
2024-08-25,HGA,1.8764842253131917,censored_likelihood_pressure_index
2024-08-28,SHG,0.0,censored_likelihood_pressure_index
2024-08-29,SHG,0.0,censored_likelihood_pressure_index
2024-09-01,SHG,0.0,censored_likelihood_pressure_index
2024-09-02,SHG,0.0,censored_likelihood_pressure_index
2024-09-04,SHG,0.0,censored_likelihood_pressure_index
2024-09-05,SHG,0.0,censored_likelihood_pressure_index
2024-09-08,SHG,0.0,censored_likelihood_pressure_index
2024-09-09,SHG,0.0,censored_likelihood_pressure_index
2024-09-10,SHG,0.0,censored_likelihood_pressure_index
2024-09-13,SHG,0.0,censored_likelihood_pressure_index
2024-09-15,HGA,1.2584804130140177,censored_likelihood_pressure_index
2024-09-15,SHG,0.14575716981045994,censored_likelihood_pressure_index
2024-09-16,HGA,1.4150658602287436,censored_likelihood_pressure_index
2024-09-21,SHG,0.0,censored_likelihood_pressure_index
2024-09-23,SHG,0.0,censored_likelihood_pressure_index
2024-09-24,SHG,0.0,censored_likelihood_pressure_index
2024-09-26,SHG,0.0,censored_likelihood_pressure_index
2024-09-28,SHG,0.0,censored_likelihood_pressure_index
2024-09-30,SHG,0.0,censored_likelihood_pressure_index
2024-10-01,SHG,0.9424821325379531,censored_likelihood_pressure_index
2024-10-03,SHG,5.433601268689098,censored_likelihood_pressure_index
2024-10-04,HGA,2.1425056997855503,censored_likelihood_pressure_index
2024-10-07,SHG,0.0,censored_likelihood_pressure_index
2024-10-12,SHG,0.0,censored_likelihood_pressure_index
2024-10-15,SHG,0.0,censored_likelihood_pressure_index
2024-10-18,SHG,0.0,censored_likelihood_pressure_index
2024-10-20,SHG,0.4900137644760377,censored_likelihood_pressure_index
2024-10-22,SHG,0.0,censored_likelihood_pressure_index
2024-10-23,SHG,0.0,censored_likelihood_pressure_index
2024-10-24,HGA,0.13600302174780754,censored_likelihood_pressure_index
2024-10-24,SHG,0.4537037599128345,censored_likelihood_pressure_index
2024-10-26,SHG,0.0,censored_likelihood_pressure_index
2024-10-27,SHG,0.0,censored_likelihood_pressure_index
2024-11-06,HGA,0.10758227458254772,censored_likelihood_pressure_index
2024-11-13,SHG,0.0,censored_likelihood_pressure_index
2024-12-21,SHG,0.0,censored_likelihood_pressure_index
2024-12-22,SHG,0.0,censored_likelihood_pressure_index
2024-12-25,SHG,0.0,censored_likelihood_pressure_index
2024-12-26,SHG,0.0,censored_likelihood_pressure_index
2024-12-27,SHG,0.0,censored_likelihood_pressure_index
2024-12-28,SHG,0.0,censored_likelihood_pressure_index
2024-12-29,SHG,0.0,censored_likelihood_pressure_index
2025-01-04,SHG,0.0,censored_likelihood_pressure_index
2025-01-05,SHG,0.0,censored_likelihood_pressure_index
2025-01-07,SHG,0.0,censored_likelihood_pressure_index
2025-01-08,SHG,0.0,censored_likelihood_pressure_index
2025-01-09,SHG,0.0,censored_likelihood_pressure_index
2025-01-10,SHG,0.0,censored_likelihood_pressure_index
2025-01-11,SHG,0.0,censored_likelihood_pressure_index
2025-01-12,SHG,0.0,censored_likelihood_pressure_index
2025-01-13,SHG,0.0,censored_likelihood_pressure_index
2025-01-14,SHG,0.0,censored_likelihood_pressure_index
2025-01-15,SHG,0.0,censored_likelihood_pressure_index
2025-01-19,SHG,0.0,censored_likelihood_pressure_index
2025-01-22,SHG,0.0,censored_likelihood_pressure_index
