data_layer,数据获取方,来源编号,层级,数据点,数值区间,来源,适用性说明,口径,可直接用作online_ratio,数值_pct,reservation_ratio,is_direct_actual_ratio,region_code,demand_scenario,forecast_quantile,car_share,average_party_size,peak_arrival_share,dwell_hours,peak_window_hours,transfer_share,seats_per_vehicle,load_factor,round_trip_minutes,maximum_headway_minutes,entry_service_rate,parking_service_rate,utilisation_target,permanent_spaces,temporary_spaces,parking_capacity_basis,parameter_basis,parameter_note,operational_anchor_id,headway_evidence_scope,vot_scenario,annual_disposable_income_cny,annual_hours_assumption,income_multiplier,vot_cny_per_hour,parking_delay_hours,shuttle_delay_hours,staff_delay_hours,source_basis
,,,,,,,,,,,,,BDH,conservative,visitor_estimate_q10,0.45,3.2,0.45,2.5,4.0,0.05,30.0,0.75,35.0,15.0,40.0,50.0,0.8,10000.0,0.0,historical_reference_scenario,scenario_parameter,"2017 public parking network exceeded 13,000 spaces; 10,000 is a conservative planning availability scenario, not a current inventory.",PS-A01,"2024 summer tourism bus day schedule: 15-minute headway; used as a service-level planning benchmark, not a fleet ledger.",,,,,,,,,
,,,,,,,,,,,,,BDH,central,visitor_estimate_q50,0.55,2.8,0.5,3.0,4.0,0.1,40.0,0.8,40.0,15.0,40.0,50.0,0.8,13000.0,0.0,historical_reference_scenario,scenario_parameter,"13,000 is the 2017 public-network reference only; private-car share, party size, service rates and fleet specification are planning parameters.",PS-A01,"2024 summer tourism bus day schedule: 15-minute headway; used as a service-level planning benchmark, not a fleet ledger.",,,,,,,,,
,,,,,,,,,,,,,BDH,stress,visitor_estimate_q90,0.65,2.5,0.6,3.5,4.0,0.15,40.0,0.8,50.0,15.0,40.0,50.0,0.8,13000.0,0.0,historical_reference_scenario,scenario_parameter,Pressure scenario retains the historical parking reference but raises demand and circulation assumptions; no temporary-space total is asserted.,PS-A01,"2024 summer tourism bus day schedule: 15-minute headway; used as a service-level planning benchmark, not a fleet ledger.",,,,,,,,,
,,,,,,,,,,,,,HGA,conservative,visitor_estimate_q10,0.4,3.2,0.45,2.5,4.0,0.03,30.0,0.75,35.0,20.0,40.0,50.0,0.8,1000.0,0.0,scenario_parameter,scenario_parameter,"No current public core parking total is available; capacity is a transparent scenario bound, not a measured inventory.",no_direct_operational_anchor,No published 2023-2026 fleet/headway log for Haigang-Aranya; 20 minutes remains a transparent planning constraint.,,,,,,,,,
,,,,,,,,,,,,,HGA,central,visitor_estimate_q50,0.5,2.8,0.5,3.0,4.0,0.06,40.0,0.8,40.0,20.0,40.0,50.0,0.8,1500.0,0.0,legacy_reference_scenario,scenario_parameter,"1,500 corresponds to a historical operator-reported external-lot reference and is used only as a central planning scenario.",no_direct_operational_anchor,No published 2023-2026 fleet/headway log for Haigang-Aranya; 20 minutes remains a transparent planning constraint.,,,,,,,,,
,,,,,,,,,,,,,HGA,stress,visitor_estimate_q90,0.6,2.5,0.6,3.5,4.0,0.12,40.0,0.8,50.0,20.0,40.0,50.0,0.8,1500.0,500.0,scenario_parameter,scenario_parameter,"Stress scenario makes a 500-space temporary/P+R option explicit; it is recommended capacity, not an existing facility claim.",no_direct_operational_anchor,No published 2023-2026 fleet/headway log for Haigang-Aranya; 20 minutes remains a transparent planning constraint.,,,,,,,,,
,,,,,,,,,,,,,SHG,conservative,visitor_estimate_q10,0.45,3.2,0.45,2.5,4.0,0.03,30.0,0.75,35.0,20.0,40.0,50.0,0.8,2225.0,0.0,verified_node,scenario_parameter,"2,225 is the sum of five named ancient-city parking lots published in the 2024 tourism parking guide.",PS-A03,"2026 station custom bus schedule: 30-minute headway; its station-connector scope differs from the core shuttle model, so 20 minutes remains a planning constraint.",,,,,,,,,
,,,,,,,,,,,,,SHG,central,visitor_estimate_q50,0.55,2.8,0.5,3.0,4.0,0.06,40.0,0.8,40.0,20.0,40.0,50.0,0.8,2225.0,0.0,verified_node,scenario_parameter,Permanent capacity is the verified five-lot ancient-city node total; other parameters are planning assumptions.,PS-A03,"2026 station custom bus schedule: 30-minute headway; its station-connector scope differs from the core shuttle model, so 20 minutes remains a planning constraint.",,,,,,,,,
,,,,,,,,,,,,,SHG,stress,visitor_estimate_q90,0.65,2.5,0.6,3.5,4.0,0.12,40.0,0.8,50.0,20.0,40.0,50.0,0.8,2225.0,1000.0,verified_node_with_holiday_buffer,scenario_parameter,"1,000 temporary spaces follows the 2023 May Day holiday expansion case and is available only in the stress/emergency scenario.",PS-A03,"2026 station custom bus schedule: 30-minute headway; its station-connector scope differs from the core shuttle model, so 20 minutes remains a planning constraint.",,,,,,,,,
