name,major_category,minor_category,longitude,latitude,poi_family
雄狮观海广场,旅游景点,广场,119.358284,39.732623,attraction
新南戴河国际娱乐中心-和声,旅游景点,其他,119.355057,39.733241,attraction
新南戴河国际娱乐中心-槐花湖景区,旅游景点,其他,119.356712,39.733857,attraction
金龙山索道站,旅游景点,其他,119.355383,39.729329,attraction
翡翠岛国家级自然环境保护区,旅游景点,其他,119.252401,39.549876,attraction
长寿山地质地貌景观区-玄阳洞,旅游景点,其他,119.758829,40.064829,attraction
江北大营度假,旅游景点,其他,119.744821,40.11938,attraction
御鹿谷,旅游景点,其他,119.735218,40.14721,attraction
白塔寺庙,旅游景点,宗教,119.670533,40.095909,attraction
柳江盆地地质遗迹国家级自然环境保护区,旅游景点,其他,119.662631,40.137728,attraction
五佛山国际生态休闲度假区,旅游景点,其他,119.751408,40.067299000000006,attraction
一线天,旅游景点,其他,119.734779,40.059686,attraction
世外桃源,旅游景点,其他,119.739333,40.061764,attraction
长寿河,旅游景点,其他,119.737436,40.059236,attraction
百二山河,旅游景点,其他,119.739255,40.06151,attraction
药王岭,旅游景点,其他,119.749996,40.06746,attraction
朝阳寺庙,旅游景点,宗教,119.663504,40.056756,attraction
点将台,旅游景点,其他,119.741568,40.120968000000005,attraction
秦皇岛法藏寺庙,旅游景点,宗教,119.745773,40.128082,attraction
龙王寺庙,旅游景点,宗教,119.709949,40.114655,attraction
万寿山景区,旅游景点,其他,119.750831,40.070278,attraction
祖山风景区,旅游景点,其他,119.458959,40.142464,attraction
秦皇秘境,旅游景点,其他,119.526597,40.152792,attraction
秦皇岛天门山,旅游景点,其他,119.501347,40.099953,attraction
莲花古寺,旅游景点,宗教,119.507909,40.098427,attraction
百步楼,旅游景点,其他,119.468859,40.064024,attraction
河北秦皇岛柳江国家地质生态公园-五峰寺,旅游景点,宗教,119.48573,40.074627,attraction
祖山呐喊喷泉,旅游景点,其他,119.502591,40.124681,attraction
祖山景区-小火车侯乘处,旅游景点,其他,119.528969,40.114161,attraction
萌宠乐园,旅游景点,其他,119.50335,40.125951,attraction
长城体验区,旅游景点,其他,119.503435,40.126202,attraction
祖山景区520打卡点,旅游景点,其他,119.454947,40.134717,attraction
濠水观鱼,旅游景点,其他,119.455636,40.134719,attraction
五潭映月,旅游景点,其他,119.456363,40.134558,attraction
老君炼丹,旅游景点,其他,119.458284,40.134183,attraction
背牛顶景区,旅游景点,其他,119.400116,40.087719,attraction
环县古城墙,旅游景点,其他,119.43158,40.146216,attraction
望仙亭,旅游景点,其他,119.427318,40.1227,attraction
北天门,旅游景点,其他,119.428965,40.135719,attraction
济心寺景区,旅游景点,其他,119.43158,40.146146,attraction
玉皇笔架,旅游景点,其他,119.435076,40.14392,attraction
响山奇乐,旅游景点,其他,119.43137,40.121766,attraction
辽代平安锣,旅游景点,其他,119.42524,40.12311,attraction
寿星峰,旅游景点,其他,119.427127,40.135552,attraction
禅堂庙鼎,旅游景点,其他,119.450982,40.135316,attraction
鹊桥相会,旅游景点,其他,119.441595,40.139016,attraction
老子出关,旅游景点,其他,119.445409,40.136821000000005,attraction
杨戬长叹,旅游景点,其他,119.438145,40.14062,attraction
天女峰景区,旅游景点,其他,119.431477,40.121581,attraction
童戏驼峰,旅游景点,其他,119.438974,40.140232000000005,attraction
佛光亭,旅游景点,其他,119.429317,40.122273,attraction
万怿亭,旅游景点,其他,119.451665,40.135413,attraction
镇海狮吼,旅游景点,其他,119.433823,40.144972,attraction
仙女云床,旅游景点,其他,119.43118,40.147557,attraction
吉祥钟,旅游景点,其他,119.431896,40.146029,attraction
柳亭闻莺,旅游景点,其他,119.440561,40.139103,attraction
韦陀巡山,旅游景点,其他,119.43897,40.140313,attraction
天女木兰园,旅游景点,其他,119.422587,40.122991,attraction
药师殿,旅游景点,宗教,119.429925,40.146431,attraction
狂犬吠,旅游景点,其他,119.445588,40.136991,attraction
一帆风顺,旅游景点,其他,119.445367,40.137804,attraction
五祖岭,旅游景点,其他,119.430666,40.132184,attraction
观音送子,旅游景点,其他,119.443858,40.138016,attraction
天女云床,旅游景点,其他,119.431168,40.147572,attraction
王母峰,旅游景点,其他,119.429602,40.135182,attraction
祖山景区-空中草原,旅游景点,其他,119.42008,40.143145,attraction
祖山景区-望海禅寺景区,旅游景点,宗教,119.431503,40.146174,attraction
鼓楼,旅游景点,其他,119.431268,40.146021000000005,attraction
河北秦皇岛柳江国家地质生态公园-响山,旅游景点,其他,119.431411,40.121727,attraction
幽谷禅堂,旅游景点,其他,119.451853,40.135097,attraction
八仙峰,旅游景点,其他,119.425055,40.122906,attraction
奇峰挂月,旅游景点,其他,119.438167,40.140702,attraction
避雨亭,旅游景点,其他,119.4515,40.135192,attraction
地藏殿,旅游景点,宗教,119.430993,40.146113,attraction
财神殿,旅游景点,宗教,119.430276,40.146957,attraction
钟楼,旅游景点,其他,119.431475,40.146323,attraction
神笔书天,旅游景点,其他,119.452203,40.135068,attraction
孔雀迎宾,旅游景点,其他,119.438575,40.140197,attraction
九龙樱花,旅游景点,其他,119.454138,40.135182,attraction
观音殿,旅游景点,宗教,119.431296,40.146551,attraction
长城,旅游景点,其他,119.363314,40.11704,attraction
龙云谷,旅游景点,其他,119.345892,40.064665,attraction
桃林口水库-建设纪念碑,旅游景点,纪念馆,119.059321,40.144038,attraction
老爷寺庙,旅游景点,宗教,119.084078,40.270259,attraction
葫芦亭,旅游景点,其他,119.444714,40.223512,attraction
祖山景区-飞瀑谷,旅游景点,其他,119.41477,40.165753,attraction
巫岚洞天齐寺庙,旅游景点,宗教,119.202637,40.424092,attraction
花厂峪抗日纪念园,旅游景点,纪念馆,119.487247,40.170781,attraction
板城小镇,旅游景点,其他,119.569616,40.193164,attraction
天然禅寺庙,旅游景点,宗教,119.575519,40.190157,attraction
老君顶水上动物园,旅游景点,其他,119.581858,40.154252,attraction
板厂峪塔,旅游景点,其他,119.575552,40.190057,attraction
靈仙洞,旅游景点,其他,119.569931,40.201577,attraction
明长城砖窑遗址,旅游景点,其他,119.570589,40.201413,attraction
长谷口遗址,旅游景点,其他,119.566081,40.213621,attraction
慈母像,旅游景点,其他,119.563452,40.21591,attraction
六眼楼,旅游景点,其他,119.564849,40.230662,attraction
亿年火山口,旅游景点,其他,119.566051,40.244342,attraction
许家山庄,旅游景点,其他,119.557491,40.236517,attraction
明早期长城,旅游景点,其他,119.565614,40.21364,attraction
JD第1楼,旅游景点,其他,119.560221,40.230605,attraction
圣水泉,旅游景点,其他,119.526418,40.26677,attraction
和润山庄,旅游景点,其他,119.694718,40.202305,attraction
白云山庆福寺庙,旅游景点,宗教,119.692164,40.208826,attraction
金屏山景区,旅游景点,其他,119.526606,40.444235,attraction
圣母泉,旅游景点,其他,119.503637,40.419613,attraction
子母象景区,旅游景点,其他,119.582018,40.364958,attraction
妙善观,旅游景点,宗教,119.510889,40.495814,attraction
明光寺庙,旅游景点,宗教,118.789498,40.223441,attraction
隆云寺庙,旅游景点,宗教,118.756711,40.345218,attraction
中国动物,旅游景点,其他,118.974156,40.204957,attraction
龙潭峡谷漂流,旅游景点,其他,118.95445,40.299671,attraction
佛龙寺庙,旅游景点,宗教,118.905282,40.356392,attraction
神石沟旅游区,旅游景点,其他,119.026082,40.55464,attraction
小石湖沟观音庙景区,旅游景点,其他,118.667731,40.437835,attraction
阇黎洞,旅游景点,其他,118.793935,39.769294,attraction
娘娘寺庙,旅游景点,宗教,118.827006,39.81033,attraction
阳山洞,旅游景点,其他,118.945766,39.842037,attraction
龙骧园,旅游景点,公园,118.912633,39.911761,attraction
摇铃山,旅游景点,其他,119.017125,40.032628,attraction
福来岛,旅游景点,植物园,119.291401,39.58066,attraction
海洋大漠观光区-观海长廊,旅游景点,其他,119.274331,39.551447,attraction
昌黎黄金海岸自然环境保护区,旅游景点,其他,119.312558,39.636647,attraction
海螺广场,旅游景点,广场,119.308416,39.620560000000005,attraction
黄金海岸休闲体育滑沙生态公园,旅游景点,公园,119.308208,39.636373,attraction
暴风雨塔,旅游景点,其他,119.307842,39.620678,attraction
阿尔卡迪亚海滩,旅游景点,其他,119.312953,39.630137,attraction
逍遥水母,旅游景点,其他,119.289828,39.599156,attraction
斑海豹,旅游景点,其他,119.291008,39.597832,attraction
滑沙场生态型体育休闲滑沙生态公园,旅游景点,公园,119.301864,39.634925,attraction
鱼岛-入海栈道,旅游景点,其他,119.297721,39.596393,attraction
海上秋千,旅游景点,其他,119.297886,39.596304,attraction
玻璃船,旅游景点,其他,119.296836,39.595302,attraction
天梯热气球,旅游景点,其他,119.297366,39.596072,attraction
小鱼人雕塑,旅游景点,其他,119.284645,39.604354,attraction
鱼岛-海洋动物,旅游景点,水族馆,119.290929,39.597697,attraction
薛家营天主教堂,旅游景点,宗教,119.294525,39.716622,attraction
刘李庄文化休闲广场,旅游景点,广场,119.182373,39.676623,attraction
双溪生态公园,旅游景点,公园,119.158888,39.690346,attraction
民康葡萄主题生态公园,旅游景点,水族馆,119.103492,39.714455,attraction
鸟语林-中心柱,旅游景点,其他,119.704582,40.036338,attraction
秀山樱桃园,旅游景点,其他,119.678465,40.016708,attraction
北纬四十度生态公园,旅游景点,公园,119.479387,39.998632,attraction
山前北纬40生态公园,旅游景点,公园,119.47941,39.99869,attraction
河北秦皇岛国家地质生态公园-汤泉寺,旅游景点,宗教,119.483903,40.042488,attraction
摩诃寺庙,旅游景点,宗教,119.48428,40.046407,attraction
麻念庄郊野生态公园,旅游景点,公园,119.615863,40.043244,attraction
秦皇岛圆明寺庙,旅游景点,宗教,119.6268,40.035459,attraction
山海关茶棚禅寺庙,旅游景点,宗教,119.65404,40.046076,attraction
净土寺庙,旅游景点,宗教,119.574869,40.131313,attraction
傍水崖冰河世纪主题生态公园,旅游景点,公园,119.571393,40.131832,attraction
昌黎葡萄小镇,旅游景点,其他,119.099863,39.746928,attraction
矿坑生态公园,旅游景点,公园,119.101233,39.745561,attraction
卢龙鲍子沟景区,旅游景点,其他,119.097242,39.773731,attraction
幸福广场,旅游景点,广场,119.105334,39.757795,attraction
百年树凰,旅游景点,其他,119.114001,39.756603,attraction
左右生态谷,旅游景点,其他,119.073906,39.824025000000006,attraction
长峪山景区,旅游景点,其他,119.167274,39.790107,attraction
碣石山景区-李大钊避险洞,旅游景点,其他,119.159677,39.755439,attraction
昌黎干红小镇,旅游景点,其他,119.197931,39.79964,attraction
骊城隆盛农业旅游观光园,旅游景点,其他,119.167782,39.851375,attraction
椒园寺庙,旅游景点,宗教,119.164187,39.885866,attraction
兔耳山,旅游景点,其他,119.15423,39.862933,attraction
冀东抗战纪念园,旅游景点,纪念馆,119.11614,39.855859,attraction
柳河溪谷景区,旅游景点,其他,119.115804,39.856044,attraction
听风观水,旅游景点,其他,119.306823,39.788929,attraction
文化艺术广场,旅游景点,广场,119.348383,39.832423,attraction
梨花廊,旅游景点,其他,119.382453,39.887038,attraction
崔庄文化艺术广场,旅游景点,广场,119.30661,39.863779,attraction
紫亭风,旅游景点,其他,119.352595,39.909254,attraction
天齐寺庙,旅游景点,宗教,119.226596,40.024455,attraction
七彩青龙农旅综合体,旅游景点,其他,119.159033,40.303433,attraction
龙王寺庙,旅游景点,宗教,119.159836,40.258745,attraction
慈航普渡,旅游景点,其他,119.386819,40.470183,attraction
龟龙山生态农业园,旅游景点,其他,119.039249,40.41738,attraction
天主堂,旅游景点,宗教,118.976354,39.723336,attraction
张氏扶阳堂,旅游景点,其他,118.865128,39.689060000000005,attraction
步行广场,旅游景点,广场,118.861297,39.708205,attraction
西佛寺庙,旅游景点,宗教,118.880986,39.722865,attraction
华严寺,旅游景点,宗教,119.293697,39.680336,attraction
昌黎海滩,旅游景点,其他,119.330234,39.672376,attraction
圣蓝海洋公园,旅游景点,水族馆,119.323449,39.668609,attraction
鉴赏馆,旅游景点,其他,119.321974,39.669649,attraction
圣蓝生态公园沙滩,旅游景点,其他,119.32651,39.667662,attraction
北戴河新区幸福生态公园,旅游景点,公园,119.308798,39.694944,attraction
东沙河生态生态公园,旅游景点,公园,119.315338,39.711232,attraction
北戴河新区带状生态公园,旅游景点,公园,119.314077,39.692384,attraction
南戴河国际娱乐中心,旅游景点,其他,119.35453,39.73533,attraction
二仙居,旅游景点,其他,119.347758,39.726014000000006,attraction
映荷桥,旅游景点,其他,119.347508,39.723066,attraction
红碗莲,旅游景点,其他,119.348351,39.723971,attraction
水乡街市,旅游景点,其他,119.35003,39.72539,attraction
孙文莲,旅游景点,其他,119.347801,39.72329,attraction
百步问荷,旅游景点,其他,119.349089,39.72828,attraction
八一莲,旅游景点,其他,119.347659,39.723148,attraction
荷香榭,旅游景点,其他,119.347388,39.724624,attraction
广昌莲,旅游景点,其他,119.347925,39.72401300000001,attraction
南戴河国际娱乐中心-清风亭,旅游景点,其他,119.352495,39.727792,attraction
新南戴河国际娱乐中心-飞虹,旅游景点,其他,119.348127,39.723678,attraction
新南戴河国际娱乐中心-欢庆,旅游景点,其他,119.347809,39.723905,attraction
南戴河国际娱乐中心-南海观音,旅游景点,其他,119.350142,39.727695,attraction
煦风,旅游景点,其他,119.346912,39.724564,attraction
往复式过山车,旅游景点,其他,119.353318,39.738292,attraction
星空之门,旅游景点,其他,119.35227,39.739803,attraction
滑行龙,旅游景点,其他,119.352523,39.735039,attraction
美人鱼,旅游景点,其他,119.352162,39.740226,attraction
挑战之旅,旅游景点,其他,119.352242,39.738049,attraction
急速风车,旅游景点,其他,119.352255,39.737702,attraction
空中飞舞,旅游景点,其他,119.354168,39.735692,attraction
南戴河欢乐大世界-凉亭,旅游景点,其他,119.35281,39.737185,attraction
南戴河国际娱乐中心-悦荷广场,旅游景点,广场,119.350534,39.729397,attraction
南戴河国际娱乐中心-飞行塔,旅游景点,其他,119.35326,39.739175,attraction
南戴河国际娱乐中心-白象戏水,旅游景点,其他,119.352263,39.739449,attraction
株洲红莲,旅游景点,其他,119.347554,39.723541,attraction
友谊牡丹,旅游景点,其他,119.348054,39.724295000000005,attraction
泉音山影,旅游景点,其他,119.350527,39.72779,attraction
清莲园,旅游景点,其他,119.352497,39.728498,attraction
桃红宿雨,旅游景点,其他,119.348444,39.724055,attraction
小碧台,旅游景点,其他,119.347868,39.72338,attraction
蓉娇,旅游景点,其他,119.347596,39.723705,attraction
宁娃,旅游景点,其他,119.348014,39.723528,attraction
勇敢者转盘,旅游景点,其他,119.352263,39.738604,attraction
鸟艺表演,旅游景点,其他,119.352622,39.734607,attraction
骥驰立体画体验场,旅游景点,其他,119.354845,39.728341,attraction
金龙山景区-凉亭,旅游景点,其他,119.353961,39.729118,attraction
南戴河大观园,旅游景点,其他,119.34986,39.725237,attraction
中华荷园,旅游景点,其他,119.346323,39.723653,attraction
烈士陵园,旅游景点,其他,119.150107,39.720865,attraction
月季园,旅游景点,其他,119.506057,39.820219,attraction
浪淘沙园,旅游景点,广场,119.52817,39.815445,attraction
碧螺塔酒吧生态公园,旅游景点,公园,119.535341,39.82042,attraction
长城号游船,旅游景点,其他,119.535472,39.826971,attraction
邓小平钓鱼处,旅游景点,其他,119.536907,39.821729,attraction
东山旅游码头游船,旅游景点,其他,119.534474,39.825972,attraction
鸽子窝海鸥海滩,旅游景点,其他,119.531752,39.832131,attraction
亿腾赶海沙滩,旅游景点,其他,119.533647,39.831637,attraction
蠏山,旅游景点,其他,119.52989,39.836454,attraction
亿腾3号楼观景台,旅游景点,其他,119.535055,39.8314,attraction
飘移飞车,旅游景点,其他,119.535939,39.820836,attraction
海上演艺大舞台,旅游景点,其他,119.537082,39.821404,attraction
亿腾2号楼观景台,旅游景点,其他,119.534194,39.831205,attraction
亿腾1号楼观景台,旅游景点,其他,119.534654,39.831052,attraction
北戴河博顺帆船,旅游景点,其他,119.530498,39.832956,attraction
平水桥生态公园,旅游景点,公园,119.479186,39.816217,attraction
联峰山生态公园-桃园洞,旅游景点,其他,119.455802,39.817028,attraction
碣石园,旅游景点,公园,119.479485,39.817055,attraction
联峰山生态公园-龙山,旅游景点,其他,119.456889,39.818918,attraction
联峰山生态公园-福地,旅游景点,其他,119.45599,39.818915,attraction
联峰山生态公园-夹扁石,旅游景点,其他,119.45617,39.818785,attraction
试剑石,旅游景点,其他,119.456061,39.818786,attraction
联峰山生态公园-狮子石,旅游景点,其他,119.456593,39.819664,attraction
联峰山生态公园-卧佛洞,旅游景点,其他,119.460497,39.819357,attraction
北戴河近代建筑群五凤楼,旅游景点,其他,119.478917,39.818998,attraction
蔡各庄村文化艺术广场,旅游景点,广场,119.470944,39.868563,attraction
中国北戴河基督教堂,旅游景点,宗教,119.472012,39.848895,attraction
法云寺庙,旅游景点,宗教,119.499518,39.889457,attraction
印光念佛堂,旅游景点,宗教,119.497838,39.877487,attraction
秦皇岛野生动物园,旅游景点,动物园,119.521406,39.870236,attraction
观海亭,旅游景点,其他,119.523757,39.871884,attraction
百鸟园站-避险处,旅游景点,其他,119.522763,39.867044,attraction
山羊,旅游景点,其他,119.524482,39.871683,attraction
浅水湾帆船基地,旅游景点,其他,119.52612,39.855192,attraction
黑颈天鹅,旅游景点,其他,119.522462,39.859265,attraction
秦皇岛野生动物园-鹤园,旅游景点,其他,119.523833,39.862959,attraction
秦皇岛野生动物园-天鹅湖,旅游景点,其他,119.523309,39.859236,attraction
白虎园,旅游景点,其他,119.517903,39.867863,attraction
黑毛白眉猴,旅游景点,其他,119.520252,39.860632,attraction
秦皇岛野生动物园-狮园,旅游景点,其他,119.517189,39.86471,attraction
亚洲象,旅游景点,其他,119.519803,39.861141,attraction
秦皇岛野生动物园-犀牛,旅游景点,其他,119.519613,39.861287,attraction
秦皇岛野生动物园-鸵鸟园,旅游景点,其他,119.524528,39.865415000000006,attraction
火烈鸟馆站,旅游景点,其他,119.523793,39.871844,attraction
秦皇岛野生动物园-虎园,旅游景点,动物园,119.517236,39.86585,attraction
象园站,旅游景点,其他,119.520496,39.862439,attraction
秦皇岛野生动物园-科普长廊,旅游景点,其他,119.52046,39.862304,attraction
秦皇岛野生动物园-鳄鱼馆,旅游景点,其他,119.520502,39.860562,attraction
孔雀园,旅游景点,其他,119.523016,39.861913,attraction
美洲雁,旅游景点,其他,119.522652,39.857888,attraction
秦皇岛野生动物园-山魈,旅游景点,其他,119.52008,39.86047,attraction
雉鸡园,旅游景点,其他,119.524826,39.866378000000005,attraction
秦皇岛野生动物园-象园,旅游景点,其他,119.520006,39.860981,attraction
秦皇岛野生动物园-有偿讲解运营服务站,旅游景点,其他,119.520254,39.861544,attraction
秦皇岛野生动物园-猩猩馆,旅游景点,其他,119.520113,39.860467,attraction
秦皇岛野生动物园-松鼠猴,旅游景点,动物园,119.520275,39.860198,attraction
秦皇岛野生动物园-孟加拉豹子猫,旅游景点,其他,119.520037,39.861186,attraction
金海湾森林湿地公园,旅游景点,公园,119.53571,39.891417,attraction
西沙滩,旅游景点,其他,119.537568,39.887758000000005,attraction
金屋逸城海上乐园,旅游景点,其他,119.536523,39.885907,attraction
邯郸园,旅游景点,其他,119.468755,39.909102,attraction
解放秦皇岛景川,旅游景点,其他,119.685221,39.978532,attraction
西付店村文化艺术广场,旅游景点,广场,119.65574,39.989761,attraction
神秘岛,旅游景点,其他,119.716869,39.961576,attraction
洋洋植物园,旅游景点,植物园,119.740069,39.952009,attraction
礁石瀑布,旅游景点,其他,119.754023,39.954741,attraction
滴水溶洞,旅游景点,其他,119.753961,39.955255,attraction
乐岛海滩,旅游景点,其他,119.75035,39.954627,attraction
乐岛海洋王国-凉亭,旅游景点,其他,119.754413,39.953844,attraction
组合滑道,旅游景点,其他,119.753612,39.954195,attraction
皮划艇漂流,旅游景点,其他,119.75434,39.955136,attraction
宽滑道,旅游景点,其他,119.753292,39.955046,attraction
海盗城堡,旅游景点,其他,119.754224,39.955279,attraction
家庭乘筏滑道,旅游景点,其他,119.75342,39.954742,attraction
浪摆滑道,旅游景点,其他,119.754373,39.954364,attraction
燕塞湖景区-鹿园,旅游景点,其他,119.708038,40.035851,attraction
燕塞湖景区-鸟语林,旅游景点,其他,119.704853,40.036273,attraction
群英庄寺庙,旅游景点,宗教,119.706332,40.038029,attraction
金蟾戏水,旅游景点,其他,119.707225,40.041275,attraction
燕塞湖景区-清风亭,旅游景点,其他,119.707032,40.039598,attraction
横空石壁,旅游景点,其他,119.7095,40.037141,attraction
燕塞湖景区-广场鸽,旅游景点,其他,119.705673,40.035872,attraction
角山景区-共工亭,旅游景点,其他,119.729021,40.045694,attraction
骆驼峰,旅游景点,其他,119.707107,40.039162,attraction
燕塞湖景区-棕熊拜山,旅游景点,其他,119.706152,40.038426,attraction
燕塞湖景区-大小灵塔,旅游景点,其他,119.706244,40.041471,attraction
燕塞湖景区-松鼠园,旅游景点,其他,119.706803,40.035355,attraction
遗体器官捐献志愿者纪念碑,旅游景点,纪念馆,119.723499,40.031361,attraction
母女峰,旅游景点,其他,119.710248,40.040682,attraction
洞山剑峰,旅游景点,其他,119.710917,40.039139,attraction
千石壁,旅游景点,其他,119.705234,40.040726,attraction
假山,旅游景点,其他,119.707687,40.035895,attraction
燕塞湖景区-凉亭,旅游景点,其他,119.706084,40.036097,attraction
燕塞湖景区-检票处,旅游景点,其他,119.706624,40.034698,attraction
车友来汽车运动生态公园,旅游景点,水族馆,119.757343,39.958426,attraction
极地馆,旅游景点,水族馆,119.759379,39.955541,attraction
迷你穿梭,旅游景点,其他,119.755529,39.954727,attraction
抛圈套瓶,旅游景点,其他,119.75581,39.954795,attraction
炮火连天,旅游景点,其他,119.756066,39.954731,attraction
海上摩托艇,旅游景点,其他,119.760602,39.954813,attraction
儿童戏水池,旅游景点,其他,119.754611,39.954699000000005,attraction
白鲸馆,旅游景点,其他,119.759393,39.955596,attraction
山海关乐岛海洋生态公园-滚球组合,旅游景点,其他,119.755839,39.9549,attraction
山海关景区,旅游景点,其他,119.798723,39.970034,attraction
山海关景区-澄海楼,旅游景点,其他,119.800326,39.968814,attraction
中国长城艺术宫,旅游景点,其他,119.796136,39.971578,attraction
山海关景区-南海口关,旅游景点,其他,119.800354,39.968503000000005,attraction
山海关景区-遗址洞,旅游景点,其他,119.800618,39.968289,attraction
明长城地理信息标石,旅游景点,其他,119.800627,39.967943,attraction
山海关景区-御碑亭,旅游景点,其他,119.800469,39.969188,attraction
戚继光军营阵,旅游景点,其他,119.798864,39.969365,attraction
兵器陈列室,旅游景点,其他,119.798924,39.969223,attraction
入海石城建筑石,旅游景点,其他,119.800536,39.968077,attraction
山海关景区-徐达将台,旅游景点,其他,119.798301,39.96727,attraction
山海关景区-天开海岳,旅游景点,其他,119.800489,39.968311,attraction
山海关景区-八卦阵,旅游景点,其他,119.798926,39.968654,attraction
山海关八国联军军营遗址-英军营盘,旅游景点,其他,119.796349,39.966368,attraction
石河古渡,旅游景点,其他,119.795224,39.968757,attraction
山海关老龙头景区-碑记,旅游景点,其他,119.798905,39.970248,attraction
山海关老龙头景区-巢车,旅游景点,其他,119.79851,39.969187000000005,attraction
山海关老龙头景区-文物展室,旅游景点,其他,119.799617,39.969359,attraction
山海关景区-老龙头景区-海神寺庙,旅游景点,宗教,119.79826,39.965758,attraction
山海关景区-老龙头景区-钟楼,旅游景点,其他,119.798365,39.965856,attraction
山海关景区-老龙头景区-鼓楼,旅游景点,其他,119.798144,39.965834,attraction
山海关老龙头景区-民间艺术展,旅游景点,其他,119.799778,39.969383,attraction
乐到名山,旅游景点,其他,119.79855,39.969276,attraction
山海关景区-老龙头景区-靖卤台,旅游景点,其他,119.800844,39.968085,attraction
乾隆御碑,旅游景点,其他,119.798088,39.966357,attraction
山海关老龙头景区-天开海岳碑刻,旅游景点,其他,119.800513,39.968364,attraction
山海关老龙头景区-凉亭,旅游景点,其他,119.797608,39.967252,attraction
第29届奥林Peak运动会火炬接力秦皇岛站·起点,旅游景点,其他,119.798318,39.970556,attraction
山海关景区-老龙头景区-安澜牌坊,旅游景点,其他,119.798065,39.966238,attraction
粥房,旅游景点,其他,119.798678,39.969675,attraction
山海关老龙头景区-乾隆御制卧碑,旅游景点,其他,119.800426,39.968944,attraction
山海关老龙头景区-名字作诗,旅游景点,其他,119.799293,39.969082,attraction
白石山景区-观景台,旅游景点,其他,119.797533,39.967296000000005,attraction
山海关景区-老龙头景区-天后宫,旅游景点,其他,119.79838,39.965772,attraction
山海关景区-守备署,旅游景点,其他,119.798093,39.969155,attraction
山海关景区-后宅,旅游景点,其他,119.798394,39.96970099999999,attraction
山海关景区-瓮城,旅游景点,其他,119.798315,39.968187,attraction
山海关景区-夯土炮台,旅游景点,其他,119.800443,39.968436,attraction
山海关景区-守备署后宅,旅游景点,其他,119.797878,39.969576,attraction
山海关景区-龙园,旅游景点,其他,119.797927,39.96844,attraction
山海关景区-龙武营,旅游景点,其他,119.798634,39.969505000000005,attraction
山海关景区-粮仓,旅游景点,其他,119.79817,39.969462,attraction
山海关景区-一勺之多,旅游景点,其他,119.800693,39.969028,attraction
山海关景区-议事厅,旅游景点,其他,119.79796,39.969477,attraction
山海关景区-法制铁炮,旅游景点,其他,119.800321,39.968982,attraction
山海关景区-邓小平题词碑,旅游景点,其他,119.800348,39.967975,attraction
山海关景区-云梯,旅游景点,其他,119.798554,39.969209,attraction
山海关景区-碾房,旅游景点,其他,119.798779,39.969552,attraction
山海关景区-牢房,旅游景点,其他,119.798253,39.969348,attraction
山海关景区-关帝寺庙,旅游景点,宗教,119.798469,39.969733,attraction
山海关景区-正堂,旅游景点,其他,119.798164,39.969305,attraction
山海关景区-水井,旅游景点,其他,119.798484,39.969627,attraction
山海关景区-显功祠堂,旅游景点,其他,119.799355,39.969224,attraction
山海关景区-把总署,旅游景点,其他,119.799771,39.969351,attraction
山海关景区-道光御制卧碑,旅游景点,其他,119.800426,39.968837,attraction
孟姜女寺庙,旅游景点,宗教,119.82284,40.037067,attraction
孟姜女庙-秦宫,旅游景点,其他,119.823433,40.037864,attraction
孟姜女庙-水榭,旅游景点,其他,119.823306,40.037473,attraction
姜女出世,旅游景点,其他,119.823587,40.037539,attraction
长亭送别,旅游景点,其他,119.824295,40.038143,attraction
孟姜女庙-姜宅,旅游景点,其他,119.823619,40.037572,attraction
孟姜女牌坊,旅游景点,其他,119.822817,40.037084,attraction
照壁,旅游景点,其他,119.822929,40.037771,attraction
财神殿,旅游景点,宗教,119.82357,40.037359,attraction
孟姜女庙景区-凉亭,旅游景点,其他,119.823189,40.037388,attraction
孟姜女庙-凤凰山,旅游景点,其他,119.824155,40.037316,attraction
孟姜女庙景区-检票处,旅游景点,其他,119.822982,40.036516000000006,attraction
金峰园景区,旅游景点,其他,119.801967,40.035781,attraction
龙华寺庙,旅游景点,宗教,119.75573,40.028571,attraction
城市多肉植物园,旅游景点,其他,119.510775,39.987212,attraction
石山村植物园,旅游景点,植物园,119.623377,39.998282,attraction
普渡禅寺庙,旅游景点,宗教,119.648488,40.068167,attraction
大雄宝殿,旅游景点,宗教,119.64831,40.067901000000006,attraction
初心亭,旅游景点,其他,119.208096,39.867639,attraction
紫金山生态公园,旅游景点,公园,119.2455,39.869962,attraction
创业生态公园,旅游景点,公园,119.231131,39.860546,attraction
禁毒主题生态公园,旅游景点,公园,119.236593,39.870568,attraction
紫金山东园,旅游景点,其他,119.252941,39.866446,attraction
葡萄岛,旅游景点,其他,119.38623,39.746597,attraction
一杯澜浴场,旅游景点,其他,119.385802,39.758875,attraction
Seatopia中央生态公园,旅游景点,公园,119.399234,39.770169,attraction
万物有声湿地,旅游景点,公园,119.401581,39.776941,attraction
脉搏生态公园,旅游景点,公园,119.39983,39.779292,attraction
森屿艺术生态公园,旅游景点,公园,119.395771,39.772664,attraction
北部探索生态公园,旅游景点,公园,119.39671,39.777373,attraction
马甲线生态公园,旅游景点,公园,119.394382,39.77824,attraction
飞鸟与鱼,旅游景点,其他,119.401767,39.776436,attraction
蝴蝶来野,旅游景点,其他,119.398887,39.771905,attraction
北戴河哒哒岛魔法城堡,旅游景点,其他,119.386477,39.780893,attraction
哒岛,旅游景点,其他,119.391894,39.785102,attraction
海上蹦极,旅游景点,其他,119.438895,39.786568,attraction
海上漂流,旅游景点,其他,119.438946,39.786605,attraction
神山,旅游景点,其他,119.453311,39.825562,attraction
镇山宝杵,旅游景点,其他,119.453224,39.82554,attraction
骆驼石,旅游景点,其他,119.43568,39.825901,attraction
拓园,旅游景点,广场,119.436982,39.896414,attraction
栈道凉亭,旅游景点,其他,119.300003,39.854534,attraction
河南村文化艺术广场,旅游景点,广场,118.997006,40.404887,attraction
大佛顶尊胜陀罗尼经幢,旅游景点,其他,118.866219,39.880704,attraction
元代码头遗址生态公园,旅游景点,公园,118.867349,39.891464,attraction
青龙河森林湿地公园,旅游景点,公园,118.867018,39.895306,attraction
观鸟屋,旅游景点,其他,119.317346,39.644495,attraction
阿那亚湿地体育生态公园,旅游景点,公园,119.313735,39.651542,attraction
阿那亚·黄金海岸社区海边慢跑道,旅游景点,其他,119.321233,39.653362,attraction
阿那亚礼堂,旅游景点,宗教,119.322438,39.65497,attraction
木桩探险,旅游景点,其他,119.315701,39.654469,attraction
黄金海岸-旅游区,旅游景点,其他,119.340027,39.698428,attraction
基督教福音堂,旅游景点,宗教,119.186039,39.695107,attraction
汇文生态公园,旅游景点,公园,119.202645,39.71718,attraction
华夏山庄-华厦长城山庄,旅游景点,其他,119.18711,39.735031,attraction
趣园,旅游景点,其他,119.164247,39.724523,attraction
培尔优体能主题园,旅游景点,公园,119.171265,39.717986,attraction
东山生态公园,旅游景点,公园,119.176152,39.719489,attraction
春日观海,旅游景点,其他,119.528904,39.83614,attraction
水鸟迁徒路线,旅游景点,其他,119.519318,39.83603,attraction
旋转木马,旅游景点,其他,119.525065,39.836437,attraction
鸽子窝生态公园-鸽子广场,旅游景点,广场,119.527053,39.835983,attraction
鸽子窝生态公园-休闲亭,旅游景点,其他,119.523728,39.836194,attraction
鸽子窝生态公园-主席像广场,旅游景点,广场,119.528433,39.836391000000006,attraction
鸽子窝生态公园-贵宾室,旅游景点,其他,119.529453,39.835291,attraction
鸽子窝生态公园-办公区,旅游景点,其他,119.526602,39.835712,attraction
鸽子窝生态公园-观景大船,旅游景点,其他,119.525459,39.836023,attraction
鸽子窝生态公园-望海长廊,旅游景点,其他,119.529043,39.836202,attraction
听涛园,旅游景点,其他,119.495559,39.81468,attraction
六座楼园,旅游景点,其他,119.500375,39.816534,attraction
劳模精神主题生态公园,旅游景点,公园,119.480488,39.834082,attraction
村民文化艺术广场,旅游景点,广场,119.491126,39.846103,attraction
联峰山公园,旅游景点,公园,119.458773,39.824094,attraction
联峰山景区,旅游景点,其他,119.461045,39.823289,attraction
剑秋园,旅游景点,其他,119.47086,39.828114,attraction
开埠地火车站,旅游景点,其他,119.617232,39.91033,attraction
秦始皇求仙雕像,旅游景点,其他,119.622023,39.915254,attraction
秦皇求仙入海处景区学雷锋志愿岗,旅游景点,其他,119.622096,39.914176000000005,attraction
恐龙岛,旅游景点,其他,119.622789,39.91293,attraction
恐龙展,旅游景点,其他,119.62245,39.913070000000005,attraction
水上步行球,旅游景点,其他,119.622202,39.913708,attraction
九屏动态全景馆,旅游景点,其他,119.621593,39.914321,attraction
秦皇求仙入海处-战国风情,旅游景点,其他,119.62188,39.914972,attraction
求仙殿,旅游景点,宗教,119.621625,39.914372,attraction
秦皇求仙入海处-求仙栈桥,旅游景点,其他,119.623525,39.913427,attraction
秦皇岛港南栈房,旅游景点,其他,119.617114,39.91356,attraction
秦旅山海号旅游列车,旅游景点,其他,119.649269,39.930523,attraction
海景广场,旅游景点,广场,119.568661,39.908384,attraction
非洲动物区,旅游景点,其他,119.515318,39.87532,attraction
非洲区,旅游景点,其他,119.515575,39.87612,attraction
非洲风情园站,旅游景点,其他,119.515574,39.875243000000005,attraction
海滨国家森林湿地公园,旅游景点,公园,119.521904,39.88127,attraction
迷你马,旅游景点,其他,119.524714,39.872234,attraction
辽河碑林生态公园-凉亭,旅游景点,其他,119.519786,39.874654,attraction
白狮园,旅游景点,其他,119.519768,39.874606,attraction
秦皇岛野生动物园-中心广场,旅游景点,广场,119.523317,39.877928,attraction
草食区,旅游景点,其他,119.524672,39.872363,attraction
中心广场站,旅游景点,其他,119.52205,39.878649,attraction
秦皇岛野生动物园-香猪,旅游景点,其他,119.524541,39.872757,attraction
蓑羽鹤,旅游景点,其他,119.524544,39.873229,attraction
中心广场-动物表演场,旅游景点,其他,119.522753,39.878378,attraction
竹园,旅游景点,其他,119.524084,39.872134,attraction
森林逸城雅舍,旅游景点,其他,119.527613,39.895139,attraction
似锦门,旅游景点,其他,119.522958,39.897199,attraction
红太阳广场,旅游景点,广场,119.516069,39.893732,attraction
半岛生态公园,旅游景点,公园,119.514985,39.89935500000001,attraction
新白马寺体验场,旅游景点,其他,119.517132,39.901114,attraction
路南街道党史纪念园,旅游景点,纪念馆,119.749373,39.986880000000006,attraction
威远生态公园,旅游景点,公园,119.748384,40.01387,attraction
戚继光生态公园,旅游景点,公园,119.788595,39.977732,attraction
威远城,旅游景点,其他,119.779878,40.02333,attraction
慈恩禅寺庙,旅游景点,宗教,119.287511,39.783803,attraction
守望灯塔,旅游景点,其他,119.405595,39.771275,attraction
梦之湾海上观光鱼政码头,旅游景点,其他,119.422526,39.780716,attraction
听涛生态公园,旅游景点,公园,119.415048,39.792291,attraction
老字号精编屋,旅游景点,其他,119.417462,39.810932,attraction
北戴河暴风湖国际营地,旅游景点,其他,119.426996,39.815436,attraction
北戴河耕读民宿酒店,旅游景点,其他,119.418368,39.820364,attraction
戴河嬉水,旅游景点,其他,119.41742,39.820337,attraction
热带植物园,旅游景点,植物园,119.416029,39.815557,attraction
飞云桥,旅游景点,其他,119.415562,39.816,attraction
百花园,旅游景点,其他,119.415482,39.814775,attraction
百药园,旅游景点,其他,119.416452,39.815399,attraction
滨海小镇沙滩浴场,旅游景点,其他,119.437242,39.796384,attraction
北戴河海滩,旅游景点,其他,119.452305,39.803848,attraction
戴河庭院沙滩浴场,旅游景点,其他,119.442642,39.799253,attraction
戴河庭院休闲海滩,旅游景点,其他,119.444708,39.800329,attraction
联峰山生态公园-百福苑,旅游景点,其他,119.454618,39.819519,attraction
韦陀像,旅游景点,其他,119.430905,39.813488,attraction
玉米广场,旅游景点,广场,119.417293,39.82131,attraction
集发农业梦想王国-丝瓜长廊,旅游景点,其他,119.41744,39.822564,attraction
北戴河集发观光园-葫芦长廊,旅游景点,其他,119.418149,39.822307,attraction
集发农业梦想王国-葡萄长廊,旅游景点,其他,119.417543,39.821684,attraction
文体活动广场,旅游景点,广场,119.421245,39.837961,attraction
梨园,旅游景点,其他,119.425059,39.862287,attraction
洋河生态公园,旅游景点,其他,119.258525,39.855793,attraction
南山生态公园,旅游景点,公园,118.94394,40.397626,attraction
滨河生态公园,旅游景点,公园,118.889449,39.889447,attraction
孤竹文化生态公园,旅游景点,公园,118.891598,39.888672,attraction
法华寺,旅游景点,宗教,118.875909,39.884345,attraction
天主教唐山教区天主教堂,旅游景点,宗教,118.869388,39.884622,attraction
劝善念佛堂,旅游景点,宗教,118.877057,39.888978,attraction
勺园-刁园,旅游景点,其他,119.175348,39.70916,attraction
东山生态公园-欢乐谷,旅游景点,其他,119.175921,39.715768,attraction
明代城墙遗址,旅游景点,其他,119.159468,39.707548,attraction
源影寺塔,旅游景点,宗教,119.159091,39.711373,attraction
北戴河,旅游景点,其他,119.508562,39.825407,attraction
奥林Peak公园-对奕,旅游景点,其他,119.514793,39.826274,attraction
奥林Peak公园-马球,旅游景点,其他,119.513833,39.825977,attraction
奥林Peak公园-摔跤,旅游景点,其他,119.512713,39.826136,attraction
奥林Peak公园-致远,旅游景点,其他,119.514438,39.826431,attraction
北戴河影视城,旅游景点,其他,119.511829,39.825875,attraction
奥林Peak公园-跳绳,旅游景点,其他,119.513302,39.826145,attraction
奥林Peak公园,旅游景点,公园,119.514725,39.827898,attraction
红石园,旅游景点,公园,119.508724,39.830269,attraction
馨园,旅游景点,公园,119.525095,39.821829,attraction
老虎石海上生态公园礁石区,旅游景点,其他,119.486015,39.813619,attraction
老虎石海上公园,旅游景点,公园,119.488519,39.813907,attraction
中游游艇,旅游景点,其他,119.489853,39.814168,attraction
瞭望台,旅游景点,其他,119.487483,39.813871,attraction
鲁迅生态公园,旅游景点,公园,119.488306,39.818340000000006,attraction
平水桥生态公园-望龟亭,旅游景点,其他,119.484539,39.815032,attraction
平水桥生态公园-盟誓台,旅游景点,其他,119.483563,39.816393,attraction
平水桥浴场,旅游景点,其他,119.482701,39.816427,attraction
人工瀑布,旅游景点,其他,119.491381,39.823743,attraction
好人广场,旅游景点,广场,119.486294,39.823966000000006,attraction
秋韵园,旅游景点,公园,119.487966,39.832921000000006,attraction
怪楼奇园印象·梵高光影展,旅游景点,其他,119.498542,39.8262,attraction
秦皇岛北戴河怪楼奇园景区-醉汉路,旅游景点,其他,119.498791,39.826615,attraction
秦皇岛北戴河怪楼奇园景区-一览,旅游景点,其他,119.499343,39.826775000000005,attraction
怪楼奇园-舞台,旅游景点,其他,119.498713,39.826855,attraction
苍岩秀水,旅游景点,其他,119.499276,39.8273,attraction
转运长廊,旅游景点,其他,119.498896,39.8275,attraction
秦皇岛北戴河怪楼奇园景区-趣境,旅游景点,其他,119.498861,39.827241,attraction
秦皇岛北戴河怪楼奇园景区-六步渡,旅游景点,其他,119.499243,39.827227,attraction
秦皇岛北戴河怪楼奇园景区-八卦石,旅游景点,其他,119.499054,39.827316,attraction
溢涌堂,旅游景点,其他,119.630708,39.928777,attraction
福音堂,旅游景点,宗教,119.631121,39.941678,attraction
新开河带状生态公园,旅游景点,公园,119.635541,39.948768,attraction
三角花园,旅游景点,公园,119.60529,39.925871,attraction
探秦皇·潮活文旅街区,旅游景点,其他,119.607493,39.924883,attraction
秦皇岛观沧海休闲鱼业景区,旅游景点,其他,119.621839,39.923956,attraction
乐堡啤酒消夏广场,旅游景点,广场,119.561835,39.912221,attraction
小汤河,旅游景点,其他,119.564048,39.922536,attraction
天主教唐山教区秦皇岛天主堂,旅游景点,宗教,119.600875,39.921125,attraction
新世纪生态公园,旅游景点,公园,119.587276,39.947945,attraction
汤河生态公园,旅游景点,公园,119.571901,39.92604,attraction
文化艺术广场,旅游景点,广场,119.571397,39.94735300000001,attraction
清怡园,旅游景点,公园,119.567569,39.94704,attraction
春泽园,旅游景点,其他,119.568582,39.947985,attraction
汤河生态公园,旅游景点,公园,119.560992,39.939536,attraction
红飘带生态公园,旅游景点,公园,119.56174,39.946555,attraction
开放广场,旅游景点,广场,119.558923,39.945949,attraction
翔园,旅游景点,公园,119.559602,39.943356,attraction
汤河带状生态公园,旅游景点,公园,119.561003,39.947152,attraction
燕大后海,旅游景点,其他,119.516047,39.91511199999999,attraction
中山像,旅游景点,其他,119.541979,39.905715,attraction
塔山生态公园,旅游景点,公园,119.534255,39.908865000000006,attraction
秦皇岛社会足球体育公园,旅游景点,公园,119.535694,39.907548,attraction
曦园,旅游景点,公园,119.549362,39.909605,attraction
梦拉厅,旅游景点,其他,119.554643,39.908276,attraction
锦江生态公园,旅游景点,其他,119.542164,39.920577,attraction
秦皇岛森林体育生态公园,旅游景点,公园,119.538686,39.934748,attraction
鸡鸣湖,旅游景点,其他,119.553411,39.923453,attraction
西环体育生态公园,旅游景点,公园,119.549754,39.937776,attraction
青年园,旅游景点,公园,119.554503,39.937393,attraction
科普展园,旅游景点,公园,119.523395,39.93389,attraction
清真寺庙,旅游景点,宗教,119.750832,40.003763,attraction
榆关广场-迎恩楼,旅游景点,其他,119.750725,40.00648,attraction
榆关广场-榆关生态公园,旅游景点,公园,119.754189,40.001278,attraction
榆关广场,旅游景点,广场,119.752957,40.002128,attraction
总兵府景区,旅游景点,其他,119.75338,40.009478,attraction
天下第一关景区-鼓楼,旅游景点,其他,119.751924,40.008591,attraction
慈愍寺庙,旅游景点,宗教,119.7545,40.007547,attraction
詹荣府,旅游景点,其他,119.754029,40.007565,attraction
大慈院,旅游景点,其他,119.752393,40.00851900000001,attraction
尚书坊,旅游景点,其他,119.753118,40.007287000000005,attraction
译字所,旅游景点,其他,119.753768,40.010011000000006,attraction
二堂遗址保护区,旅游景点,其他,119.753653,40.010029,attraction
三堂遗址保护区,旅游景点,其他,119.753548,40.010168,attraction
普贤殿,旅游景点,宗教,119.751615,40.009147,attraction
十二生肖太岁神院,旅游景点,其他,119.753515,40.009072,attraction
念佛堂,旅游景点,其他,119.751882,40.009725,attraction
心愿长廊,旅游景点,其他,119.751483,40.009649,attraction
总兵祠堂,旅游景点,其他,119.754006,40.009568,attraction
巳蛇申猴太岁殿,旅游景点,宗教,119.75372,40.00911,attraction
欢乐总兵迎亲,旅游景点,其他,119.754393,40.00881,attraction
生肖墙,旅游景点,其他,119.753829,40.008844,attraction
寅虎亥猪太岁殿,旅游景点,宗教,119.753465,40.009059,attraction
望亰迎恩,旅游景点,其他,119.753908,40.00938,attraction
辽西省山海关市政府旧址,旅游景点,其他,119.752426,40.007358,attraction
田公馆,旅游景点,其他,119.752752,40.007695000000005,attraction
城隍寺庙,旅游景点,宗教,119.753395,40.008916000000006,attraction
观音殿,旅游景点,宗教,119.752399,40.009021,attraction
客堂,旅游景点,其他,119.752074,40.008535,attraction
仪门,旅游景点,其他,119.753952,40.009379,attraction
天王殿,旅游景点,宗教,119.75432,40.008025,attraction
辽西省市政府旧址,旅游景点,其他,119.752581,40.007226,attraction
大雄宝殿,旅游景点,宗教,119.752168,40.00895,attraction
地藏殿,旅游景点,宗教,119.751797,40.008867,attraction
大悲院,旅游景点,其他,119.752382,40.00855,attraction
福音堂,旅游景点,宗教,119.75351,40.007233,attraction
孔寺庙,旅游景点,其他,119.753064,40.008554,attraction
承恩驿,旅游景点,其他,119.751094,40.006881,attraction
基督教福音堂管理委员会,旅游景点,其他,119.753363,40.007306,attraction
拘禁所,旅游景点,其他,119.753707,40.010276000000005,attraction
修葺所,旅游景点,其他,119.753756,40.010175,attraction
兵械阁,旅游景点,其他,119.753543,40.010106,attraction
承发房,旅游景点,其他,119.753534,40.009762,attraction
幸运锣鼓,旅游景点,其他,119.753846,40.009690000000006,attraction
炫丽3D彩绘,旅游景点,其他,119.754385,40.008808,attraction
军粮阁,旅游景点,其他,119.753613,40.010117,attraction
架阁库,旅游景点,其他,119.75351,40.009916,attraction
府兵阁,旅游景点,其他,119.753498,40.010341,attraction
三十六计,旅游景点,其他,119.753839,40.009807,attraction
强体台,旅游景点,其他,119.75357,40.0103,attraction
义枪,旅游景点,其他,119.753819,40.009283,attraction
图索房,旅游景点,其他,119.753406,40.010024,attraction
公生明,旅游景点,其他,119.75394,40.009466,attraction
忠刀,旅游景点,其他,119.754131,40.009434,attraction
崇文阁,旅游景点,其他,119.753731,40.009973,attraction
三清观,旅游景点,宗教,119.742413,40.006932,attraction
潮河生态公园,旅游景点,公园,119.771344,39.998092,attraction
六国餐馆旧址,旅游景点,其他,119.766445,39.997783,attraction
西南交通大学,旅游景点,其他,119.762557,39.998412,attraction
天佑德好人园,旅游景点,水族馆,119.809185,39.99818,attraction
山海关界,旅游景点,其他,119.765734,40.01261,attraction
瑞莲阁-凉亭,旅游景点,其他,119.761351,40.010603,attraction
孟姜女哭倒长城处,旅游景点,其他,119.762432,40.009897,attraction
长城建筑,旅游景点,其他,119.763345,40.007391,attraction
山海关古城景区-影视厅,旅游景点,其他,119.764237,40.009689,attraction
瞭望地,旅游景点,其他,119.763735,40.008114,attraction
山海关古城景区-手机充电,旅游景点,其他,119.764267,40.009698,attraction
牧营楼,旅游景点,其他,119.761953,40.00927,attraction
镇远镖局-议事厅,旅游景点,其他,119.755565,40.008181,attraction
开泰阁,旅游景点,其他,119.754815,40.008316,attraction
镇远镖局-账房,旅游景点,其他,119.755519,40.008131,attraction
任重道远,旅游景点,其他,119.755323,40.008075000000005,attraction
晓月亭,旅游景点,其他,119.759771,40.009861,attraction
仪门·游廊,旅游景点,其他,119.758511,40.010913,attraction
石河鏖战,旅游景点,其他,119.755118,40.007782,attraction
天下第一关景区-瓮城,旅游景点,其他,119.760298,40.010653,attraction
山海镇督师府,旅游景点,其他,119.75549,40.008590000000005,attraction
山海关景区天下第一关景区-农夫山泉自动售货机,旅游景点,其他,119.759749,40.009872,attraction
山海关景区天下第一关景区-自助语音导游机服务台,旅游景点,其他,119.760386,40.010029,attraction
镇东楼,旅游景点,其他,119.75955,40.010705,attraction
龙城帝国广场,旅游景点,广场,119.754654,40.008892,attraction
弓弩射击场,旅游景点,其他,119.759762,40.010867,attraction
天下第一关广场,旅游景点,广场,119.758787,40.010395,attraction
神威大将军炮,旅游景点,其他,119.759998,40.010457,attraction
天下第一关箭楼,旅游景点,其他,119.759648,40.010581,attraction
镇远镖局,旅游景点,其他,119.755475,40.008277,attraction
莲花湖生态公园,旅游景点,公园,119.768531,40.003752,attraction
靖边楼,旅游景点,其他,119.767121,40.006658,attraction
知恩堂,旅游景点,其他,119.769936,40.002523,attraction
秦皇植物园,旅游景点,植物园,119.55401,39.950972,attraction
紫亭风,旅游景点,其他,119.529029,40.018241,attraction
新园,旅游景点,水族馆,119.588723,39.957962,attraction
和风园,旅游景点,公园,119.593355,39.957043,attraction
秦皇岛站北广场,旅游景点,广场,119.591635,39.968973,attraction
得趣园,旅游景点,公园,119.605655,39.953065,attraction
石韵园,旅游景点,公园,119.623741,39.954782,attraction
智慧园,旅游景点,公园,119.620101,39.956626,attraction
海琪花消夏广场,旅游景点,广场,119.628881,39.969021,attraction
聚福园,旅游景点,公园,119.635308,39.954811,attraction
魁星阁,旅游景点,其他,119.240167,39.872678,attraction
紫金山生态公园文体广场,旅游景点,广场,119.245233,39.87485,attraction
景阳龙门,旅游景点,其他,119.25262,39.884078,attraction
法治文化艺术广场,旅游景点,广场,119.236978,39.887563,attraction
金海岸专属海滩,旅游景点,其他,119.422718,39.783179,attraction
南戴河休闲度假区,旅游景点,其他,119.428435,39.791273,attraction
崂山啤酒广场,旅游景点,广场,119.421807,39.792819,attraction
怡水园,旅游景点,公园,119.426159,39.85324,attraction
北戴河艺术村落,旅游景点,其他,119.426716,39.858049,attraction
南山生态观光园,旅游景点,其他,118.949887,40.399642,attraction
三圣堂,旅游景点,其他,118.935166,40.407174,attraction
龙岛生态公园,旅游景点,公园,118.975827,40.407886,attraction
迎宾园生态公园,旅游景点,公园,118.972671,40.406151,attraction
跳跳堂,旅游景点,其他,118.962818,40.40707,attraction
东山生态公园音乐喷泉广场,旅游景点,广场,119.172629,39.717097,attraction
三角地,旅游景点,其他,119.484421,39.824278,attraction
秦皇山海朗读亭,旅游景点,其他,119.607886,39.932276,attraction
金原广场,旅游景点,广场,119.607893,39.935193000000005,attraction
清真寺庙,旅游景点,宗教,119.608789,39.933423,attraction
基督教会,旅游景点,宗教,119.608656,39.938645,attraction
荷塘生态公园,旅游景点,公园,119.614134,39.945138,attraction
建国园,旅游景点,公园,119.615815,39.943012,attraction
大石休闲广场,旅游景点,广场,119.614793,39.944955,attraction
光阳园,旅游景点,公园,119.585889,39.930015,attraction
鑫园广场,旅游景点,广场,119.600869,39.930763,attraction
酷乐一号动漫体验场,旅游景点,其他,119.604258,39.933091000000005,attraction
游船码头,旅游景点,其他,119.595287,39.935963,attraction
人民生态公园,旅游景点,公园,119.595043,39.937089,attraction
人民广场,旅游景点,广场,119.595118,39.940607,attraction
宫健堂,旅游景点,其他,119.581563,39.937123,attraction
正山堂名山,旅游景点,其他,119.586448,39.939374,attraction
U·zoo室内动物园,旅游景点,动物园,119.583972,39.947466000000006,attraction
上门修落地钟,旅游景点,其他,119.760204,40.000168,attraction
榆关抗战纪念碑,旅游景点,纪念馆,119.75502,40.001063,attraction
望洋楼,旅游景点,其他,119.76049,40.003086,attraction
望洋楼广场,旅游景点,广场,119.760365,40.00242,attraction
山海关古城景区-珍宝隆,旅游景点,其他,119.759904,40.003974,attraction
南翼长城,旅游景点,其他,119.766889,40.006359,attraction
益寿园,旅游景点,公园,119.594748,39.953108,attraction
燕山园生态公园,旅游景点,公园,119.614273,39.954639,attraction
本宫,旅游景点,其他,119.606304,39.931191000000005,attraction
太阳城商业区商业步行街中心广场,旅游景点,广场,119.606162,39.93229899999999,attraction
渤海物流文化园区,旅游景点,公园,119.607173,39.935718,attraction
桃林口,旅游景点,其他,119.022465,40.10809,attraction
清圣山·东方德源,旅游景点,其他,119.040922,40.124525,attraction
渔田七里海度假区,旅游景点,其他,119.212229,39.571085,attraction
河北青龙湖国家湿地,旅游景点,公园,119.062528,40.306705,attraction
如是海,旅游景点,其他,119.300049,39.626312000000006,attraction
鸽子窝生态公园-观海平台,旅游景点,其他,119.529429,39.836316,attraction
燕塞湖景区-鸟艺表演场,旅游景点,其他,119.704867,40.036617,attraction
鸵鸟,旅游景点,其他,119.705541,40.036134,attraction
孟姜女庙-观音殿,旅游景点,宗教,119.82418,40.036967,attraction
贞女祠-山门,旅游景点,其他,119.824304,40.036921,attraction
沉思广场,旅游景点,广场,119.552541,39.923441,attraction
口袋生态公园,旅游景点,公园,119.25282,39.885609,attraction
康寿园,旅游景点,其他,119.595314,39.953453,attraction
三角地口袋生态公园,旅游景点,公园,119.684679,39.926247,attraction
南戴河国际娱乐中心-雄狮观海,旅游景点,其他,119.357933,39.732767,attraction
新南戴河国际娱乐中心-莲之韵广场,旅游景点,广场,119.356659,39.734602,attraction
爱莲亭,旅游景点,其他,119.357735,39.735673,attraction
新南戴河国际娱乐中心-擎天一柱,旅游景点,其他,119.356541,39.734525,attraction
华润生态低碳示范园区,旅游景点,其他,119.359483,39.737548,attraction
馨香榭,旅游景点,其他,119.358027,39.73441,attraction
天女小镇,旅游景点,其他,119.5263,40.116221,attraction
老君顶河谷漂流,旅游景点,其他,119.582829,40.154385,attraction
老君观,旅游景点,宗教,119.56718,40.155363,attraction
狐仙寺庙,旅游景点,宗教,118.662965,40.447253,attraction
财神寺庙,旅游景点,宗教,118.669273,40.397846,attraction
鑫鸿观光园,旅游景点,其他,119.502053,39.983319,attraction
卧龙寺庙,旅游景点,宗教,119.466351,39.993485,attraction
碣石山景区-水岩寺,旅游景点,宗教,119.15,39.74477,attraction
唐宗步道,旅游景点,其他,119.12221,39.756898,attraction
混元道观,旅游景点,宗教,119.111128,40.050852,attraction
阿那亚北岸灯塔乐园,旅游景点,其他,119.31725,39.668132,attraction
碧螺塔海上啤酒花园,旅游景点,其他,119.535719,39.819571,attraction
篝火区,旅游景点,其他,119.534901,39.819586,attraction
碧螺塔-房车区,旅游景点,其他,119.534359,39.819236,attraction
寻仙2号游船,旅游景点,其他,119.535469,39.826938000000006,attraction
张学良和赵一荻,旅游景点,其他,119.475918,39.815861,attraction
平水桥生态公园-望波亭,旅游景点,其他,119.476465,39.815781,attraction
联峰山生态公园-莲花石生态公园,旅游景点,公园,119.464896,39.820032,attraction
天空之境,旅游景点,公园,119.493263,39.877932,attraction
北戴河海滩,旅游景点,其他,119.528561,39.863904,attraction
金梦海湾海誓广场,旅游景点,公园,119.543859,39.894884000000005,attraction
栖贤寺庙,旅游景点,宗教,119.730853,40.045285,attraction
角山景区-李自成雕像,旅游景点,其他,119.740596,40.034851,attraction
角山景区-莲台,旅游景点,其他,119.738949,40.036014,attraction
望海观音殿,旅游景点,宗教,119.730714,40.045486,attraction
角山景区-旱门关,旅游景点,其他,119.740377,40.037658,attraction
角山地质地貌景观区,旅游景点,其他,119.741325,40.034151,attraction
角山长城-纪念林,旅游景点,其他,119.741255,40.034542,attraction
角山景区-甘露亭,旅游景点,其他,119.729631,40.044818,attraction
燕塞湖景区-豪华波浪,旅游景点,其他,119.706736,40.033529,attraction
山海关景区·老龙头-观海亭,旅游景点,其他,119.798676,39.96532,attraction
老龙头码头游船,旅游景点,其他,119.795261,39.96296,attraction
观海长廊,旅游景点,其他,119.440342,39.787042,attraction
蓝色海岸休闲海滩,旅游景点,其他,119.431946,39.793577,attraction
南戴河仙螺岛游乐中心-海之韵,旅游景点,其他,119.433153,39.794272,attraction
青龙普济寺庙,旅游景点,宗教,118.916212,40.400061,attraction
AVENUE&SON阿那亚滑板生态公园,旅游景点,其他,119.316757,39.643499,attraction
黄金海岸-观海亭,旅游景点,其他,119.339899,39.698791,attraction
鸽子窝生态公园-鹰角亭,旅游景点,其他,119.528338,39.836715,attraction
滨海栈道,旅游景点,其他,119.521076,39.835843,attraction
联峰山生态公园-望海亭,旅游景点,其他,119.458458,39.824588000000006,attraction
联峰山生态公园-鸡冠山,旅游景点,其他,119.463367,39.827159,attraction
联峰山生态公园如来寺,旅游景点,宗教,119.458391,39.821728,attraction
联峰山生态公园-毛泽东观日出处,旅游景点,其他,119.458468,39.824635,attraction
联峰山生态公园-观海石,旅游景点,其他,119.458518,39.82281,attraction
山眼井,旅游景点,其他,119.463601,39.825012,attraction
联峰山生态公园-临风亭,旅游景点,其他,119.463626,39.827110000000005,attraction
联峰山生态公园-瞭登亭,旅游景点,其他,119.462981,39.828574,attraction
神犬峰,旅游景点,其他,119.45565,39.823419,attraction
联峰山生态公园-避雨石,旅游景点,其他,119.461883,39.826306,attraction
联峰山生态公园-莲花亭,旅游景点,其他,119.463253,39.823,attraction
联峰山生态公园-莲池,旅游景点,其他,119.463324,39.822562,attraction
联峰山生态公园-望海石,旅游景点,其他,119.459016,39.824448,attraction
联峰山生态公园-莲蓬阁,旅游景点,其他,119.463737,39.822757,attraction
联峰山生态公园-望海峰,旅游景点,其他,119.458377,39.822913,attraction
联峰山生态公园-钟亭,旅游景点,其他,119.464944,39.821896,attraction
联峰山生态公园-蠖公桥,旅游景点,其他,119.464093,39.822308,attraction
联峰山生态公园-瞭望塔,旅游景点,其他,119.463144,39.827037,attraction
寻仙1号游船,旅游景点,其他,119.61612,39.9063,attraction
西港花园·鸿洲国际游艇帆船国际俱乐部,旅游景点,其他,119.606831,39.908225,attraction
秦皇岛国际尾波冲浪基地,旅游景点,其他,119.606687,39.908501,attraction
秦旅山海号旅游列车,旅游景点,其他,119.617274,39.910256,attraction
西港花园,旅游景点,其他,119.61728,39.914246,attraction
秦皇岛新澳海底世界-海豚表演馆,旅游景点,水族馆,119.564141,39.906803,attraction
金梦海湾海韵广场,旅游景点,广场,119.567756,39.908167,attraction
金梦海湾海情广场,旅游景点,广场,119.570936,39.909044,attraction
长颈鹿,旅游景点,其他,119.515841,39.875552,attraction
斑马,旅游景点,其他,119.514331,39.875789000000005,attraction
羊驼,旅游景点,其他,119.516047,39.875617,attraction
魔王松鼠,旅游景点,其他,119.522342,39.877967000000005,attraction
秦皇岛野生动物园-朱鹮,旅游景点,其他,119.52447,39.873295000000006,attraction
小浣熊,旅游景点,其他,119.524318,39.872466,attraction
中心广场站-避险处,旅游景点,其他,119.522178,39.878651,attraction
赤鹮,旅游景点,其他,119.524113,39.87263299999999,attraction
戚继光生态公园,旅游景点,公园,119.790555,39.97782,attraction
首钢赛车谷高炉广场,旅游景点,广场,119.511687,40.022513,attraction
北戴河沙滩,旅游景点,其他,119.451468,39.804043,attraction
抚宁湿地,旅游景点,公园,119.267369,39.852484,attraction
民生广场,旅游景点,广场,119.168056,39.711444,attraction
奥林Peak公园-奥运冠军林,旅游景点,其他,119.51335,39.828324,attraction
奥林Peak公园-奥运冠军纪念柱,旅游景点,其他,119.513751,39.827784,attraction
奥林Peak公园-广场主雕,旅游景点,其他,119.513889,39.828315,attraction
老虎石海上生态公园-游泳区,旅游景点,其他,119.487893,39.813691,attraction
大不同装置艺术主题生态公园,旅游景点,公园,119.49793,39.832495,attraction
秦皇岛北戴河怪楼奇园景区-观鸟林,旅游景点,其他,119.498123,39.827747,attraction
青年林,旅游景点,其他,119.497824,39.832488,attraction
深海珍珠展览馆,旅游景点,其他,119.495847,39.835002,attraction
劳动生态公园,旅游景点,公园,119.567708,39.948364000000005,attraction
秦皇岛人防生态公园,旅游景点,公园,119.508948,39.914415,attraction
金梦海湾章鱼广场,旅游景点,广场,119.549648,39.898213000000005,attraction
金梦海湾海螺广场,旅游景点,公园,119.548594,39.897688,attraction
海怡口袋生态公园,旅游景点,公园,119.55466,39.920718,attraction
天下第一关景区-山海关城楼,旅游景点,其他,119.762987,40.009285,attraction
山海关古城景区-万里长城长城历史,旅游景点,其他,119.762885,40.007121,attraction
山海关-钟鼓楼,旅游景点,其他,119.756071,40.008669000000005,attraction
秦皇岛站站前广场,旅游景点,广场,119.592056,39.964368,attraction
大皇宫,旅游景点,宗教,119.243102,39.880459,attraction
南戴河仙螺岛游乐中心-天马广场,旅游景点,广场,119.428513,39.791366,attraction
贝壳王国科普博物馆,旅游景点,其他,119.417481,39.792744,attraction
北戴河站站前广场,旅游景点,广场,119.420641,39.850523,attraction
劳动生态公园,旅游景点,公园,119.260862,39.867025,attraction
青龙国家安全主题生态公园,旅游景点,公园,118.978342,40.406782,attraction
法治生态公园,旅游景点,公园,119.484955,39.831326,attraction
莲花湖生态公园广场,旅游景点,公园,119.766275,40.004902,attraction
卢龙鲍子沟景区,旅游景点,其他,119.097073,39.774127,attraction
阿那亚礼堂,旅游景点,宗教,119.322489,39.655017,attraction
卢龙鲍子沟景区,旅游景点,其他,119.097583,39.773824,attraction
南戴河国际娱乐中心,旅游景点,其他,119.354963,39.735832,attraction
卢龙鲍子沟景区,旅游景点,其他,119.097506,39.77422,attraction
北戴河,旅游景点,景点,119.4850042,39.83509987,attraction
天下第一关,旅游景点,景点,119.7608429,40.01013496,attraction
秦皇岛野生动物园,旅游景点,景点,119.5213234,39.87021185,attraction
山海关,旅游景点,景点,119.7609678,40.01004803,attraction
渔岛海洋温泉景区,旅游景点,景点,119.2868731,39.60095162,attraction
渔岛海洋度假区,旅游景点,景点,119.2877197,39.60140851,attraction
秦皇求仙入海处,旅游景点,景点,119.6217496,39.91404344,attraction
老虎石海上公园,旅游景点,景点,119.4885419,39.81390221,attraction
北戴河集发梦想王国,旅游景点,景点,119.4183083,39.82022323,attraction
燕塞湖鸟语林,旅游景点,景点,119.7063448,40.03799694,attraction
怪楼奇园,旅游景点,景点,119.4981933,39.8268799,attraction
角山长城,旅游景点,景点,119.7346433,40.04646663,attraction
孟姜女庙,旅游景点,景点,119.8229316,40.03646767,attraction
联峰山,旅游景点,景点,119.4595792,39.82378016,attraction
祖山风景区,旅游景点,景点,119.4576062,40.14314976,attraction
阿那亚,旅游景点,景点,119.3141053,39.64939766,attraction
冰塘峪,旅游景点,景点,119.3630044,40.10368718,attraction
奥林匹克大道公园,旅游景点,景点,119.5147177,39.82788139,attraction
中海滩,旅游景点,景点,119.4901043,39.81290365,attraction
老虎石海上公园-中海滩,旅游景点,景点,119.4899168,39.81305044,attraction
山海关王家大院,旅游景点,景点,119.7593972,40.00691906,attraction
板厂峪长城文化公园,旅游景点,景点,119.5733639,40.19983317,attraction
人民广场,旅游景点,景点,119.5950715,39.94056218,attraction
秦皇岛市人民广场,旅游景点,景点,119.5950621,39.9405834,attraction
天马浴场,旅游景点,景点,119.4268206,39.79377522,attraction
平水桥公园,旅游景点,景点,119.4789873,39.81586773,attraction
碣石山景区,旅游景点,景点,119.1447038,39.74822476,attraction
长城华夏酒庄,旅游景点,景点,119.1828595,39.73322279,attraction
滨海木栈道,旅游景点,景点,119.5211191,39.83588316,attraction
燕山大学,旅游景点,景点,119.5395853,39.90686116,attraction
新世纪公园,旅游景点,景点,119.5876361,39.94796206,attraction
山海关长城博物馆,旅游景点,景点,119.7631164,40.00760543,attraction
秦皇岛市玻璃博物馆,旅游景点,景点,119.6043131,39.92429801,attraction
秦皇植物园,旅游景点,景点,119.5540539,39.95097737,attraction
山海关古城景区,旅游景点,景点,119.7615841,40.0058496,attraction
长寿山,旅游景点,景点,119.7404919,40.06730649,attraction
龙云谷景区,旅游景点,景点,119.3459225,40.06477701,attraction
秦皇岛鸟类博物馆,旅游景点,景点,119.519542,39.83603579,attraction
北戴河鲁迅公园,旅游景点,景点,119.488316,39.81833013,attraction
北戴河湿地公园,旅游景点,景点,119.5098299,39.84562011,attraction
汤河公园,旅游景点,景点,119.5610109,39.93952979,attraction
北戴河保二路,旅游景点,景点,119.4888543,39.81413888,attraction
北戴河历史文化展览馆,旅游景点,景点,119.5148331,39.8255571,attraction
秦皇岛森林体育公园,旅游景点,景点,119.5381204,39.93445064,attraction
浅水湾,旅游景点,景点,119.5187162,39.8515527,attraction
总兵府旅游景区,旅游景点,景点,119.7541039,40.00880591,attraction
东北大学秦皇岛分校,旅游景点,景点,119.5520061,39.9228914,attraction
东北大学(秦皇岛分校),旅游景点,景点,119.552006,39.9228911,attraction
北戴河自然生态公园,旅游景点,景点,119.518772,39.84038279,attraction
白鹭岛,旅游景点,景点,119.7697857,39.9577315,attraction
莲花湖公园,旅游景点,景点,119.7679512,40.00411505,attraction
东山浴场,旅游景点,景点,119.626188,39.91653713,attraction
王家大院山海关民俗博物馆(东三条),旅游景点,景点,119.7593572,40.00692309,attraction
老虎石浴场,旅游景点,景点,119.52405,39.81869943,attraction
金海湾森林公园,旅游景点,景点,119.535616,39.89117298,attraction
秦皇岛浅水湾浴场,旅游景点,景点,119.5175494,39.85149698,attraction
天马山,旅游景点,景点,119.2467778,39.97975395,attraction
康寿公园,旅游景点,景点,119.5953116,39.95344001,attraction
南戴河西浴场,旅游景点,景点,119.4027991,39.77385584,attraction
天马山摩崖石刻,旅游景点,景点,119.2162606,39.94415095,attraction
秦皇岛站广场,旅游景点,景点,119.592198,39.96442057,attraction
背牛顶,旅游景点,景点,119.4001666,40.08777387,attraction
圣顶山旅游度假区,旅游景点,景点,119.4001639,40.08776027,attraction
乱刀峪,旅游景点,景点,119.4140937,40.01197752,attraction
贝壳王国,旅游景点,景点,119.4174313,39.79273459,attraction
大庆石油学院秦皇岛分院,旅游景点,景点,119.5272346,39.89589416,attraction
源影寺塔,旅游景点,景点,119.1590837,39.71134592,attraction
五佛山国际生态旅游度假区,旅游景点,景点,119.7513963,40.0672984,attraction
源影塔,旅游景点,景点,119.1590692,39.71133554,attraction
半岛公园,旅游景点,景点,119.5149671,39.89931769,attraction
月季园,旅游景点,景点,119.5060914,39.82020724,attraction
茅台葡萄酒洞,旅游景点,景点,119.1743441,39.71597174,attraction
保利海公园,旅游景点,景点,119.4058785,39.82857849,attraction
西港花园,旅游景点,景点,119.6175668,39.91424086,attraction
人民公园,旅游景点,景点,119.5950268,39.93709049,attraction
海恋婚纱摄影基地,旅游景点,景点,119.522616,39.81652637,attraction
龙潭峡,旅游景点,景点,119.3459205,40.06477603,attraction
兵部分司署,旅游景点,景点,119.75939,40.01270073,attraction
万里长城-九门口点将台,旅游景点,景点,119.7415996,40.12100051,attraction
柳江国家地质公园,旅游景点,景点,119.5735366,40.08009716,attraction
兵部分司,旅游景点,景点,119.7581992,40.01096834,attraction
黄金溶洞,旅游景点,景点,118.6422061,40.29144817,attraction
北戴河国际光雕园,旅游景点,景点,119.4444891,39.85390095,attraction
北戴河艺术村落,旅游景点,景点,119.4267608,39.85809428,attraction
天女峰,旅游景点,景点,119.4315884,40.12158881,attraction
响山,旅游景点,景点,119.4314318,40.12173049,attraction
海景广场,旅游景点,景点,119.5689463,39.90848987,attraction
仙女云床,旅游景点,景点,119.4312017,40.14755998,attraction
奇岩峡景区,旅游景点,景点,119.7513963,40.0672984,attraction
五峰山李大钊革命活动旧址,旅游景点,景点,119.1624405,39.75145989,attraction
鸽子窝公园-休闲亭,旅游景点,景点,119.5237378,39.83618498,attraction
李大钊革命活动旧址,旅游景点,景点,119.1624592,39.75163084,attraction
飞流三跳,旅游景点,景点,119.4603897,40.13190202,attraction
戴河生态园,旅游景点,景点,119.393139,39.88926708,attraction
角山敌台,旅游景点,景点,119.737335,40.03973494,attraction
望海禅寺,旅游景点,景点,119.4328918,40.145232,attraction
迎恩楼,旅游景点,景点,119.7504851,40.00652223,attraction
画廊谷,旅游景点,景点,119.4724879,40.11414995,attraction
海豚表演馆,旅游景点,景点,119.5638023,39.90752768,attraction
望龟亭,旅游景点,景点,119.4844895,39.81494984,attraction
象山景区,旅游景点,景点,119.3430799,39.99696999,attraction
仁轩酒庄,旅游景点,景点,119.2181206,39.95631347,attraction
国家方志馆秦皇岛分馆,旅游景点,景点,119.7576374,40.00959225,attraction
柳江地学博物馆,旅游景点,景点,119.5904792,40.1250238,attraction
董家口长城,旅游景点,景点,119.6452571,40.22428496,attraction
725石塘路步行街,旅游景点,景点,119.4883855,39.82148759,attraction
悬阳洞,旅游景点,景点,119.7486253,40.06642985,attraction
碣石园,旅游景点,景点,119.4793327,39.81705815,attraction
童戏驼峰,旅游景点,景点,119.4389404,40.14023661,attraction
传奇3D裸眼错觉艺术体验馆,旅游景点,景点,119.3135859,39.66716529,attraction
仁轩酒庄中餐厅,旅游景点,景点,119.2181202,39.95631347,attraction
董家口长城风景区,旅游景点,景点,119.6452322,40.22420884,attraction
靖边楼,旅游景点,景点,119.7668814,40.00642406,attraction
左右生态谷,旅游景点,景点,119.0729181,39.82019407,attraction
五佛山,旅游景点,景点,119.7455282,40.06345215,attraction
九道缸瀑布,旅游景点,景点,119.5713333,40.24473877,attraction
山海关清真寺,旅游景点,景点,119.7511682,40.0038516,attraction
金原美术馆,旅游景点,景点,119.60745,39.93536,attraction
璇靥潭,旅游景点,景点,119.7350735,40.06205465,attraction
秦皇岛渔岛水上乐园,旅游景点,景点,119.2852641,39.60512732,attraction
牧营楼,旅游景点,景点,119.7620366,40.00930728,attraction
飞瀑谷,旅游景点,景点,119.4147433,40.16575116,attraction
卢龙野长城,旅游景点,景点,118.9431381,40.10742159,attraction
神医石窟,旅游景点,景点,119.7475111,40.06894447,attraction
栖贤寺,旅游景点,景点,119.7305446,40.04500429,attraction
世外桃源,旅游景点,景点,119.7393747,40.06174801,attraction
傍水崖雪乡,旅游景点,景点,119.571444,40.13185353,attraction
祖山风景区-飞瀑谷,旅游景点,景点,119.4147374,40.16575909,attraction
旋靥潭,旅游景点,景点,119.7350737,40.06205444,attraction
天女木兰小镇,旅游景点,景点,119.5247166,40.11994239,attraction
佳兆业海滩,旅游景点,景点,119.6012701,39.94314864,attraction
神医华佗石窟,旅游景点,景点,119.7475093,40.06894619,attraction
盟誓台,旅游景点,景点,119.4835173,39.81634695,attraction
半壁山文化广场,旅游景点,景点,118.9485104,39.88560282,attraction
天女亭,旅游景点,景点,119.4315177,40.12160768,attraction
孟姜女庙景区-凉亭,旅游景点,景点,119.8231629,40.03738065,attraction
海边市集,旅游景点,景点,119.3133739,39.65693532,attraction
