region_code,demand_scenario,forecast_quantile,car_share,average_party_size,peak_arrival_share,dwell_hours,peak_window_hours,transfer_share,seats_per_vehicle,load_factor,round_trip_minutes,maximum_headway_minutes,entry_service_rate,parking_service_rate,utilisation_target,permanent_spaces,temporary_spaces,parking_capacity_basis,parameter_basis,parameter_note
BDH,conservative,visitor_estimate_q10,0.45,3.2,0.45,2.5,4,0.05,30,0.75,35,15,40,50,0.8,10000,0,historical_reference_scenario,scenario_parameter,"2017 public parking network exceeded 13,000 spaces; 10,000 is a conservative planning availability scenario, not a current inventory."
BDH,central,visitor_estimate_q50,0.55,2.8,0.50,3.0,4,0.10,40,0.80,40,15,40,50,0.8,13000,0,historical_reference_scenario,scenario_parameter,"13,000 is the 2017 public-network reference only; private-car share, party size, service rates and fleet specification are planning parameters."
BDH,stress,visitor_estimate_q90,0.65,2.5,0.60,3.5,4,0.15,40,0.80,50,15,40,50,0.8,13000,0,historical_reference_scenario,scenario_parameter,"Pressure scenario retains the historical parking reference but raises demand and circulation assumptions; no temporary-space total is asserted."
HGA,conservative,visitor_estimate_q10,0.40,3.2,0.45,2.5,4,0.03,30,0.75,35,20,40,50,0.8,1000,0,scenario_parameter,scenario_parameter,"No current public core parking total is available; capacity is a transparent scenario bound, not a measured inventory."
HGA,central,visitor_estimate_q50,0.50,2.8,0.50,3.0,4,0.06,40,0.80,40,20,40,50,0.8,1500,0,legacy_reference_scenario,scenario_parameter,"1,500 corresponds to a historical operator-reported external-lot reference and is used only as a central planning scenario."
HGA,stress,visitor_estimate_q90,0.60,2.5,0.60,3.5,4,0.12,40,0.80,50,20,40,50,0.8,1500,500,scenario_parameter,scenario_parameter,"Stress scenario makes a 500-space temporary/P+R option explicit; it is recommended capacity, not an existing facility claim."
SHG,conservative,visitor_estimate_q10,0.45,3.2,0.45,2.5,4,0.03,30,0.75,35,20,40,50,0.8,2225,0,verified_node,scenario_parameter,"2,225 is the sum of five named ancient-city parking lots published in the 2024 tourism parking guide."
SHG,central,visitor_estimate_q50,0.55,2.8,0.50,3.0,4,0.06,40,0.80,40,20,40,50,0.8,2225,0,verified_node,scenario_parameter,"Permanent capacity is the verified five-lot ancient-city node total; other parameters are planning assumptions."
SHG,stress,visitor_estimate_q90,0.65,2.5,0.60,3.5,4,0.12,40,0.80,50,20,40,50,0.8,2225,1000,verified_node_with_holiday_buffer,scenario_parameter,"1,000 temporary spaces follows the 2023 May Day holiday expansion case and is available only in the stress/emergency scenario."
